"artist","firstName","gender","itemInSession","lastName","length","level","location","sessionId","song","userId"
"Pavement","Sylvie","F","0","Cruz","99.16036","free","Washington-Arlington-Alexandria, DC-VA-MD-WV","345","Mercy:The Laundromat","10"
"Barry Tuckwell/Academy of St Martin-in-the-Fields/Sir Neville Marriner","Celeste","F","1","Williams","277.15873","free","Klamath Falls, OR","438","Horn Concerto No. 4 in E flat K495: II. Romance (Andante cantabile)","53"
"Gary Allan","Celeste","F","2","Williams","211.22567","free","Klamath Falls, OR","438","Nothing On But The Radio","53"
"Charttraxx Karaoke","Celeste","F","3","Williams","225.17506","free","Klamath Falls, OR","438","Fireflies","53"
"The Libertines","Jacqueline","F","1","Lynch","179.53914","paid","Atlanta-Sandy Springs-Roswell, GA","389","The Good Old Days","29"
"Huey Lewis And The News","Jacqueline","F","2","Lynch","245.52444","paid","Atlanta-Sandy Springs-Roswell, GA","389","Hip To Be Square","29"
"JOSEF LOCKE & ORCHESTRA","Jacqueline","F","3","Lynch","166.26893","paid","Atlanta-Sandy Springs-Roswell, GA","389","How Can You Buy Killarney (1992 Digital Remaster)","29"
"Train","Jacqueline","F","4","Lynch","216.76363","paid","Atlanta-Sandy Springs-Roswell, GA","389","Hey_ Soul Sister","29"
"Blind Pilot","Jacqueline","F","5","Lynch","156.94322","paid","Atlanta-Sandy Springs-Roswell, GA","389","I Buried a Bone","29"
"Anjulie","Jacqueline","F","6","Lynch","194.63791","paid","Atlanta-Sandy Springs-Roswell, GA","389","Boom","29"
"59 Times the Pain","Jordan","F","0","Rodriguez","144.95302","free","Los Angeles-Long Beach-Anaheim, CA","136","Found Home","68"
"Pork Dukes","Noah","M","0","Chavez","133.04118","free","Ogden-Clearfield, UT","262","Bend & Flush","94"
"Plan B","Adler","M","1","Barrera","254.95465","free","New York-Newark-Jersey City, NY-NJ-PA","428","Traded In My Cigarettes","100"
"Rell featuring Dert_ Killa Klump_ Silence","Adler","M","2","Barrera","223.97342","free","New York-Newark-Jersey City, NY-NJ-PA","428","Talk Is Drastik","100"
"K-OS","Adler","M","3","Barrera","211.33016","free","New York-Newark-Jersey City, NY-NJ-PA","428","EMCEE Murdah","100"
"Vanessa Carlton","Adler","M","4","Barrera","272.40444","free","New York-Newark-Jersey City, NY-NJ-PA","428","Come Undone","100"
"Camila","Emily","F","0","Benson","280.34567","paid","Augusta-Richmond County, GA-SC","377","De Mi","58"
"Buju Banton","Emily","F","1","Benson","232.48934","paid","Augusta-Richmond County, GA-SC","377","Cry No More","58"
"Feist","Evelin","F","0","Ayala","184.94649","free","Milwaukee-Waukesha-West Allis, WI","318","My Moon My Man","34"
"Kings Of Leon","Chloe","F","1","Cuevas","201.79546","free","San Francisco-Oakland-Hayward, CA","490","Revelry","49"
"Beck","Aiden","M","0","Hess","228.80608","free","La Crosse-Onalaska, WI-MN","344","Lost Cause","86"
"Big Walter Horton's Blues Harp Band","Aiden","M","1","Hess","210.78159","free","La Crosse-Onalaska, WI-MN","344","Rockin' My Boogie","86"
"Supervielle","Aiden","M","2","Hess","263.83628","free","La Crosse-Onalaska, WI-MN","344","332","86"
"Bryan Adams","Samuel","M","0","Gonzalez","254.79791","free","Houston-The Woodlands-Sugar Land, TX","454","Cloud Number Nine","61"
"Slipknot","Aiden","M","3","Hess","259.44771","free","La Crosse-Onalaska, WI-MN","344","Eyeless (Live version) (Album Version)","86"
"The Black Keys","Aiden","M","4","Hess","139.51955","free","La Crosse-Onalaska, WI-MN","344","I'll Be Your Man","86"
"Shinedown","Jordan","F","0","Hicks","233.97832","free","Salinas, CA","449","Sound Of Madness (Album Version)","37"
"Devin Townsend","Kevin","M","0","Arellano","576.33914","free","Harrisburg-Carlisle, PA","450","Earth Day","66"
"Stray Cats","Ryan","M","0","Smith","243.77424","free","San Jose-Sunnyvale-Santa Clara, CA","491","Jeanie Jeanie Jeanie","26"
"Dwight Yoakam","Ryan","M","1","Smith","239.3073","free","San Jose-Sunnyvale-Santa Clara, CA","491","You're The One","26"
"Talking Heads","Kevin","M","6","Arellano","259.02975","free","Harrisburg-Carlisle, PA","450","Road To Nowhere (Remastered LP Version )","66"
"Guns N' Roses","Kevin","M","7","Arellano","406.17751","free","Harrisburg-Carlisle, PA","450","Paradise City","66"
"Lily Allen","Maia","F","0","Burke","195.13424","free","Houston-The Woodlands-Sugar Land, TX","316","Smile (Explicit Version)","51"
"LCD Soundsystem","Maia","F","1","Burke","201.56036","free","Houston-The Woodlands-Sugar Land, TX","316","Daft Punk Is Playing At My House","51"
"Tiefschwarz","Maia","F","2","Burke","455.78404","free","Houston-The Woodlands-Sugar Land, TX","316","Wait & See (Gucci Soundsystem Remix)","51"
"Buckcherry","Lily","F","0","Burns","263.36608","free","New York-Newark-Jersey City, NY-NJ-PA","489","Everything (Album Version)","32"
"The Get Up Kids","Maia","F","3","Burke","205.26975","free","Houston-The Woodlands-Sugar Land, TX","316","Forgive and Forget","51"
"Neko Case","Lily","F","1","Burns","151.01342","free","New York-Newark-Jersey City, NY-NJ-PA","489","People Got A Lotta Nerve","32"
"Outkast Featuring Killer Mike","Maia","F","4","Burke","295.33995","free","Houston-The Woodlands-Sugar Land, TX","316","The Whole World","51"
"Does It Offend You_ Yeah?","Lily","F","2","Burns","220.57751","free","New York-Newark-Jersey City, NY-NJ-PA","489","Doomed Now","32"
"Eminem","Maia","F","5","Burke","268.5122","free","Houston-The Woodlands-Sugar Land, TX","316","My Name Is","51"
"Kabosh","Lily","F","3","Burns","242.41587","free","New York-Newark-Jersey City, NY-NJ-PA","489","Little Pills","32"
"Enigma","Maia","F","6","Burke","141.5571","free","Houston-The Woodlands-Sugar Land, TX","316","The Voice Of Enigma","51"
"Jason Mraz","Lily","F","4","Burns","226.53342","free","New York-Newark-Jersey City, NY-NJ-PA","489","After An Afternoon (Eagles Ballroom Live Version)","32"
"The Black Keys","Samuel","M","1","Gonzalez","234.26567","free","Houston-The Woodlands-Sugar Land, TX","497","The Desperate Man","61"
"Mayday Parade","Samuel","M","2","Gonzalez","290.79465","free","Houston-The Woodlands-Sugar Land, TX","497","Three Cheers for Five Years (Acoustic)","61"
"Sam Cooke","Samuel","M","3","Gonzalez","122.04363","free","Houston-The Woodlands-Sugar Land, TX","497","Ain't Misbehavin","61"
"Enrique Iglesias","Chloe","F","2","Cuevas","241.42322","free","San Francisco-Oakland-Hayward, CA","496","Tired Of Being Sorry","49"
"Plain White T's","Kate","F","2","Harrell","232.202","paid","Lansing-East Lansing, MI","374","Hey There Delilah","97"
"The Brecker Brothers","Lily","F","1","Burns","217.5473","free","New York-Newark-Jersey City, NY-NJ-PA","503","East River","32"
"Buckcherry","Chloe","F","3","Cuevas","226.14159","free","San Francisco-Oakland-Hayward, CA","496","Sorry (Album Version)","49"
"Dayglo Abortions","Kate","F","3","Harrell","142.78485","paid","Lansing-East Lansing, MI","374","Courage In A Can","97"
"The Herbaliser","Kate","F","4","Harrell","273.8673","paid","Lansing-East Lansing, MI","374","Sensual Woman","97"
"Toni Braxton","Kate","F","5","Harrell","268.45995","paid","Lansing-East Lansing, MI","374","Un-Break My Heart","97"
"Shania Twain","Kate","F","6","Harrell","250.51383","paid","Lansing-East Lansing, MI","374","Nah!","97"
"Discovery","Chloe","F","0","Roth","206.0273","free","Indianapolis-Carmel-Anderson, IN","247","I Want You Back","78"
"Justin Bieber","Chloe","F","1","Roth","220.89098","free","Indianapolis-Carmel-Anderson, IN","247","Somebody To Love","78"
"Young Dro featuring T.I.","Kate","F","7","Harrell","322.11546","paid","Lansing-East Lansing, MI","374","My Girl (Featuring T.I.) (Amended Album Version)","97"
"Rancid","Chloe","F","2","Roth","152.76363","free","Indianapolis-Carmel-Anderson, IN","247","Hooligans (Album Version)","78"
"Sergio Contreras","Kate","F","8","Harrell","234.00444","paid","Lansing-East Lansing, MI","374","DÃÂ­selo Con Arte","97"
"Jason Derulo","Kate","F","9","Harrell","222.61506","paid","Lansing-East Lansing, MI","374","Whatcha Say","97"
"A Perfect Circle","Kate","F","10","Harrell","246.04689","paid","Lansing-East Lansing, MI","374","The Outsider","97"
"Terrorvision","Kate","F","11","Harrell","160.54812","paid","Lansing-East Lansing, MI","374","Glad All Over","97"
"Sufjan Stevens","Jacob","M","1","Klein","179.04281","paid","Tampa-St. Petersburg-Clearwater, FL","294","All The Kings Horns","73"
"Pieces Of A Dream","Jacob","M","2","Klein","315.79383","paid","Tampa-St. Petersburg-Clearwater, FL","294","Ocean View","73"
"Alceu ValenÃÂ§a","Jacob","M","4","Klein","177.21424","paid","Tampa-St. Petersburg-Clearwater, FL","294","No BalanÃÂ§o Da Canoa","73"
"George Younce","Jacob","M","5","Klein","191.68608","paid","Tampa-St. Petersburg-Clearwater, FL","294","This Old House w/ When The Saints Medley","73"
"Miike Snow","Jacob","M","6","Klein","385.35791","paid","Tampa-St. Petersburg-Clearwater, FL","294","Silvia","73"
"Vikki Carr","Jacob","M","7","Klein","157.09995","paid","Tampa-St. Petersburg-Clearwater, FL","294","Cross Your Heart","73"
"Jorgen Ingmann","Jacob","M","8","Klein","157.23057","paid","Tampa-St. Petersburg-Clearwater, FL","294","Oh! (LP Version)","73"
"A.B. Quintanilla III Y Los Kumbia Kings","Jacob","M","9","Klein","226.71628","paid","Tampa-St. Petersburg-Clearwater, FL","294","Pachuco","73"
"Fatboy Slim","Jayden","F","2","Duffy","192.9922","free","Seattle-Tacoma-Bellevue, WA","75","Illuminati","76"
"Justin Bieber","Jacob","M","10","Klein","214.67383","paid","Tampa-St. Petersburg-Clearwater, FL","294","One Time","73"
"Metallica","Jacob","M","11","Klein","515.21261","paid","Tampa-St. Petersburg-Clearwater, FL","294","Master Of Puppets","73"
"Freddie Mercury","Jacob","M","12","Klein","219.29751","paid","Tampa-St. Petersburg-Clearwater, FL","294","I Was Born To Love You (2000 Digital Remaster)","73"
"Angus & Julia Stone","Maia","F","0","Burke","262.42567","free","Houston-The Woodlands-Sugar Land, TX","502","Jewels And Gold","51"
"Max Richter","Jacob","M","13","Klein","78.47138","paid","Tampa-St. Petersburg-Clearwater, FL","294","Vladimir's Blues","73"
"Angie Stone","Jacob","M","14","Klein","269.37424","paid","Tampa-St. Petersburg-Clearwater, FL","294","Wish I Didn't Miss You","73"
"Small Black","Jacob","M","15","Klein","237.89669","paid","Tampa-St. Petersburg-Clearwater, FL","294","Weird Machines","73"
"Collective Soul","Jacob","M","16","Klein","218.40934","paid","Tampa-St. Petersburg-Clearwater, FL","294","Why Pt. 2","73"
"Feist","Jacob","M","17","Klein","295.54893","paid","Tampa-St. Petersburg-Clearwater, FL","294","My moon my man (Grizzy Bear Remix)","73"
"Taylor Swift","Chloe","F","1","Roth","233.89995","free","Indianapolis-Carmel-Anderson, IN","507","Love Story","78"
"Louis Smith","Lily","F","1","Burns","518.81751","free","New York-Newark-Jersey City, NY-NJ-PA","505","South Side (Digitally Remastered)","32"
"Britney Spears","Jacob","M","18","Klein","198.97424","paid","Tampa-St. Petersburg-Clearwater, FL","294","Toxic","73"
"Nelly / Jaheim","Jacob","M","19","Klein","336.56118","paid","Tampa-St. Petersburg-Clearwater, FL","294","My Place","73"
"Sisqo","Lily","F","2","Burns","253.49179","free","New York-Newark-Jersey City, NY-NJ-PA","505","Thong Song","32"
"MÃÂºm","Jacob","M","20","Klein","175.59465","paid","Tampa-St. Petersburg-Clearwater, FL","294","Faraway Swimming Pool","73"
"Cass McCombs","Jacob","M","21","Klein","234.13506","paid","Tampa-St. Petersburg-Clearwater, FL","294","Deseret","73"
"The Poets Of Rhythm","Jacob","M","22","Klein","252.05506","paid","Tampa-St. Petersburg-Clearwater, FL","294","More Mess On My Thing","73"
"Lynyrd Skynyrd","Jacob","M","23","Klein","233.29914","paid","Tampa-St. Petersburg-Clearwater, FL","294","The Needle And The Spoon","73"
"Radiohead","Jacob","M","24","Klein","235.7024","paid","Tampa-St. Petersburg-Clearwater, FL","294","Creep (Explicit)","73"
"Train","Bronson","M","1","Harris","239.04608","free","Eugene, OR","399","If It's Love","33"
"Incubus","Jacob","M","25","Klein","232.46322","paid","Tampa-St. Petersburg-Clearwater, FL","294","Drive","73"
"Rilo Kiley","Jacob","M","26","Klein","270.99383","paid","Tampa-St. Petersburg-Clearwater, FL","294","I Never (Album Version)","73"
"Nick Drake","Jacob","M","27","Klein","224.36526","paid","Tampa-St. Petersburg-Clearwater, FL","294","Northern Sky","73"
"Evangelicals","Jacob","M","28","Klein","264.48934","paid","Tampa-St. Petersburg-Clearwater, FL","294","Skeleton Man","73"
"Nouvelle Vague","Jacob","M","29","Klein","300.30322","paid","Tampa-St. Petersburg-Clearwater, FL","294","Say Hello Wave Goodbye","73"
"Nena Daconte","Jacob","M","30","Klein","140.64281","paid","Tampa-St. Petersburg-Clearwater, FL","294","En Que Estrella Estara","73"
"The Airborne Toxic Event","Jacob","M","31","Klein","303.56853","paid","Tampa-St. Petersburg-Clearwater, FL","294","Sometime Around Midnight","73"
"Amy Winehouse","Jacob","M","32","Klein","191.84281","paid","Tampa-St. Petersburg-Clearwater, FL","294","Just Friends","73"
"La Bouche","Jacob","M","33","Klein","240.79628","paid","Tampa-St. Petersburg-Clearwater, FL","294","Be My Lover","73"
"Chris Cornell","Jacob","M","35","Klein","240.09098","paid","Tampa-St. Petersburg-Clearwater, FL","294","You Know My Name","73"
"Wet Wet Wet","Jacob","M","37","Klein","237.71383","paid","Tampa-St. Petersburg-Clearwater, FL","294","Love Is All Around","73"
"Postal Service","Jacob","M","38","Klein","226.61179","paid","Tampa-St. Petersburg-Clearwater, FL","294","Nothing Better (Album)","73"
"Jedi Mind Tricks","Jacob","M","39","Klein","232.88118","paid","Tampa-St. Petersburg-Clearwater, FL","294","Suicide","73"
"Eve 6","Kevin","M","1","Arellano","249.83465","free","Harrisburg-Carlisle, PA","501","Here's To The Night","66"
"Polly Paulusma","Jacob","M","40","Klein","222.9024","paid","Tampa-St. Petersburg-Clearwater, FL","294","Give It Back","73"
"Touche Amore","Jacob","M","41","Klein","136.95955","paid","Tampa-St. Petersburg-Clearwater, FL","294","Changing Lanes","73"
"Five Iron Frenzy","Kevin","M","2","Arellano","236.09424","free","Harrisburg-Carlisle, PA","501","Canada","66"
"The Letter Black","Jacob","M","42","Klein","26.93179","paid","Tampa-St. Petersburg-Clearwater, FL","294","Hanging On By A Thread","73"
"Dido","Jacob","M","43","Klein","217.83465","paid","Tampa-St. Petersburg-Clearwater, FL","294","Thank You","73"
"Evanescence","Kevin","M","3","Arellano","263.78404","free","Harrisburg-Carlisle, PA","501","My Immortal (Album Version)","66"
"Basshunter Feat. DJ Mental Theos Bazzheadz","Jacob","M","44","Klein","152.65914","paid","Tampa-St. Petersburg-Clearwater, FL","294","Now You're Gone","73"
"Cut Copy","Jacob","M","45","Klein","71.49669","paid","Tampa-St. Petersburg-Clearwater, FL","294","Visions","73"
"Kelly Clarkson","Jacob","M","46","Klein","281.5473","paid","Tampa-St. Petersburg-Clearwater, FL","294","Already Gone","73"
"Craig's Brother","Jacob","M","48","Klein","175.09832","paid","Tampa-St. Petersburg-Clearwater, FL","294","Set Free","73"
"Avenged Sevenfold","Jacob","M","50","Klein","333.13914","paid","Tampa-St. Petersburg-Clearwater, FL","294","Seize The Day (Album Version)","73"
"The Chi-Lites","Jacob","M","51","Klein","180.87138","paid","Tampa-St. Petersburg-Clearwater, FL","294","Oh Girl","73"
"Stephane Pompougnac","Theodore","M","1","Harris","241.10975","free","Red Bluff, CA","478","Ghosts and Roses","14"
"Train","Jacob","M","52","Klein","205.45261","paid","Tampa-St. Petersburg-Clearwater, FL","294","Marry Me","73"
"Gojira","Jacob","M","53","Klein","260.20526","paid","Tampa-St. Petersburg-Clearwater, FL","294","Love","73"
"Metallica","Jacob","M","54","Klein","267.96363","paid","Tampa-St. Petersburg-Clearwater, FL","294","Until It Sleeps","73"
"Gary Wright with Dorian Wright","Jacob","M","55","Klein","237.7922","paid","Tampa-St. Petersburg-Clearwater, FL","294","Love is Alive (Re-Record)","73"
"Flipsyde","Lily","F","0","Burns","201.87383","free","New York-Newark-Jersey City, NY-NJ-PA","512","Get Ready","32"
"Train","Jacob","M","56","Klein","205.45261","paid","Tampa-St. Petersburg-Clearwater, FL","294","Marry Me","73"
"Ray Davies","Lily","F","1","Burns","285.3873","free","New York-Newark-Jersey City, NY-NJ-PA","512","The Tourist","32"
"The Lonely Island","Jacob","M","57","Klein","106.78812","paid","Tampa-St. Petersburg-Clearwater, FL","294","Like A Boss","73"
"Starship","Jacob","M","58","Klein","293.35465","paid","Tampa-St. Petersburg-Clearwater, FL","294","Sara","73"
"Los AutÃÂ©nticos Decadentes","Jacob","M","59","Klein","218.48771","paid","Tampa-St. Petersburg-Clearwater, FL","294","La Guitarra","73"
"Hot Chip","Emily","F","0","Benson","283.32363","paid","Augusta-Richmond County, GA-SC","494","We're Looking For A Lot Of Love","58"
"Behemoth","Emily","F","1","Benson","267.31057","paid","Augusta-Richmond County, GA-SC","494","Ov Fire And The Void","58"
"Morningwood","Ryan","M","2","Smith","176.66567","free","San Jose-Sunnyvale-Santa Clara, CA","500","New York Girls","26"
"Arctic Monkeys","Emily","F","2","Benson","268.45995","paid","Augusta-Richmond County, GA-SC","494","Perhaps Vampires Is A Bit Strong But...","58"
"Justice","Emily","F","3","Benson","223.79057","paid","Augusta-Richmond County, GA-SC","494","One Minute To Midnight","58"
"The Audition","Emily","F","4","Benson","188.08118","paid","Augusta-Richmond County, GA-SC","494","Lawyers (Album Version)","58"
"Angus & Julia Stone","Austin","M","1","Rosales","236.95628","free","New York-Newark-Jersey City, NY-NJ-PA","371","Just A Boy","12"
"California Swag District","Emily","F","5","Benson","239.17669","paid","Augusta-Richmond County, GA-SC","494","Teach Me How To Dougie","58"
"Jami Smith","Austin","M","2","Rosales","243.80036","free","New York-Newark-Jersey City, NY-NJ-PA","371","Home","12"
"Stephen Lynch","Emily","F","6","Benson","52.81914","paid","Augusta-Richmond County, GA-SC","494","What If That Guy From Smashing Pumpkins Lost His Car Keys?","58"
"Major Organ And The Adding Machine","Emily","F","7","Benson","129.77587","paid","Augusta-Richmond County, GA-SC","494","Water Dripping On Bread Makes Bread Taste Not So Tasty.","58"
"Alejandro Fernandez","Austin","M","3","Rosales","177.21424","free","New York-Newark-Jersey City, NY-NJ-PA","371","Matalas","12"
"Fania All Stars","Emily","F","8","Benson","350.09261","paid","Augusta-Richmond County, GA-SC","494","Ublabadu","58"
"Livvi Franc","Austin","M","4","Rosales","380.99546","free","New York-Newark-Jersey City, NY-NJ-PA","371","Automatik","12"
"The Lonely Island","Emily","F","9","Benson","106.78812","paid","Augusta-Richmond County, GA-SC","494","Like A Boss","58"
"Pixie Lott","Emily","F","10","Benson","182.33424","paid","Augusta-Richmond County, GA-SC","494","Boys And Girls (Album Version)","58"
"Donna Lewis","Austin","M","5","Rosales","240.95302","free","New York-Newark-Jersey City, NY-NJ-PA","371","I Love You Always Forever ( LP Version )","12"
"Godsmack","Emily","F","11","Benson","249.96526","paid","Augusta-Richmond County, GA-SC","494","Saints And Sinners","58"
"Kid Cudi","Austin","M","6","Rosales","227.34322","free","New York-Newark-Jersey City, NY-NJ-PA","371","Up Up & Away","12"
"Faith Hill","Emily","F","12","Benson","222.30159","paid","Augusta-Richmond County, GA-SC","494","There You'll Be (Album Version)","58"
"Coldplay","Emily","F","13","Benson","307.51302","paid","Augusta-Richmond County, GA-SC","494","Clocks","58"
"Blind Melon","Tegan","F","0","Levine","221.90975","paid","Portland-South Portland, ME","481","Change","80"
"BjÃÂ¶rk","Tegan","F","1","Levine","348.57751","paid","Portland-South Portland, ME","481","Undo","80"
"49ers","Tegan","F","3","Levine","216.68526","paid","Portland-South Portland, ME","481","Touch Me","80"
"Taylor Swift","Tegan","F","4","Levine","238.99383","paid","Portland-South Portland, ME","481","Cold As You","80"
"Sneaky Sound System","Tegan","F","5","Levine","243.01669","paid","Portland-South Portland, ME","481","UFO","80"
"Copeland","Jordan","F","0","Rodriguez","279.32689","free","Los Angeles-Long Beach-Anaheim, CA","487","The Day I Lost My Voice (The Suitcase Song)","68"
"Foals","Tegan","F","7","Levine","281.18159","paid","Portland-South Portland, ME","481","Two Steps_ Twice","80"
"PJ Harvey","Tegan","F","8","Levine","245.75955","paid","Portland-South Portland, ME","481","Naked Cousin","80"
"Goldfrapp","Tegan","F","9","Levine","251.14077","paid","Portland-South Portland, ME","481","Train","80"
"Symphony X","Tegan","F","10","Levine","436.03546","paid","Portland-South Portland, ME","481","Absinthe And Rue","80"
"Fisher","Tegan","F","11","Levine","133.98159","paid","Portland-South Portland, ME","481","Rianna","80"
"Pencey Prep","Tegan","F","12","Levine","160.88771","paid","Portland-South Portland, ME","481","PS Don't Write","80"
"Clear Vu","Tegan","F","13","Levine","210.57261","paid","Portland-South Portland, ME","481","I Adore","80"
"Radiohead","Tegan","F","14","Levine","237.21751","paid","Portland-South Portland, ME","481","15 Step","80"
"The Mamas & The Papas","Tegan","F","15","Levine","190.58893","paid","Portland-South Portland, ME","481","Dream A Little Dream Of Me","80"
"Deepest Blue","Tegan","F","16","Levine","210.54649","paid","Portland-South Portland, ME","481","Deepest Blue","80"
"Kenny G","Chloe","F","53","Cuevas","256.57424","paid","San Francisco-Oakland-Hayward, CA","648","Everlasting","49"
"Randy Crawford","Chloe","F","54","Cuevas","251.402","paid","San Francisco-Oakland-Hayward, CA","648","Rio De Janeiro Blue (Album Version)","49"
"Placebo","Chloe","F","55","Cuevas","224.02567","paid","San Francisco-Oakland-Hayward, CA","648","Breathe Underwater","49"
"Poison The Well","Chloe","F","56","Cuevas","184.60689","paid","San Francisco-Oakland-Hayward, CA","648","Riverside","49"
"Justin Bieber","Chloe","F","57","Cuevas","196.88444","paid","San Francisco-Oakland-Hayward, CA","648","U Smile","49"
"Type O Negative","Chloe","F","58","Cuevas","366.23628","paid","San Francisco-Oakland-Hayward, CA","648","Can't Lose You (Album Version)","49"
"The All-American Rejects","Chloe","F","59","Cuevas","260.15302","paid","San Francisco-Oakland-Hayward, CA","648","Happy Endings","49"
"Eminem","Mohammad","M","0","Rodriguez","252.73424","free","Sacramento--Roseville--Arden-Arcade, CA","659","Still Don't Give A Fuck","88"
"Silversun Pickups","Chloe","F","60","Cuevas","353.61914","paid","San Francisco-Oakland-Hayward, CA","648","Growing Old Is Getting Old (Album Version)","49"
"Kid Rock","Chloe","F","61","Cuevas","396.72118","paid","San Francisco-Oakland-Hayward, CA","648","New Orleans (Album Version)","49"
"Clifford Brown","Chloe","F","62","Cuevas","662.83057","paid","San Francisco-Oakland-Hayward, CA","648","Night In Tunisia","49"
"New Found Glory","Chloe","F","63","Cuevas","222.45832","paid","San Francisco-Oakland-Hayward, CA","648","My Friends Over You","49"
"Elton John","Chloe","F","64","Cuevas","417.01832","paid","San Francisco-Oakland-Hayward, CA","648","Song For Guy","49"
"Hot Chip","Chloe","F","65","Cuevas","198.76526","paid","San Francisco-Oakland-Hayward, CA","648","Tchaparian","49"
"Ratatat","Chloe","F","66","Cuevas","226.53342","paid","San Francisco-Oakland-Hayward, CA","648","Loud Pipes","49"
"Tech N9ne","Chloe","F","67","Cuevas","345.5473","paid","San Francisco-Oakland-Hayward, CA","648","Going Bad","49"
"Judy Cheeks","Chloe","F","68","Cuevas","333.08689","paid","San Francisco-Oakland-Hayward, CA","648","So In Love (The Real Deal) (Frankie Foncett Vocal Mix)","49"
"The Offspring","Chloe","F","69","Cuevas","167.65342","paid","San Francisco-Oakland-Hayward, CA","648","Cool To Hate (Album version)","49"
"Arctic Monkeys","Chloe","F","70","Cuevas","177.84118","paid","San Francisco-Oakland-Hayward, CA","648","Fake Tales Of San Francisco (Explicit)","49"
"Pinback","Chloe","F","71","Cuevas","286.56281","paid","San Francisco-Oakland-Hayward, CA","648","Penelope","49"
"Edwyn Collins","Chloe","F","72","Cuevas","235.91138","paid","San Francisco-Oakland-Hayward, CA","648","A Girl Like You","49"
"Air","Chloe","F","73","Cuevas","244.50567","paid","San Francisco-Oakland-Hayward, CA","648","Venus","49"
"Los Lobos","Chloe","F","74","Cuevas","247.74485","paid","San Francisco-Oakland-Hayward, CA","648","Good Morning Aztlan","49"
"Samael","Sylvie","F","0","Cruz","247.09179","free","Washington-Arlington-Alexandria, DC-VA-MD-WV","677","God's Snake","10"
"Infected Mushroom","Kaleb","M","0","Cook","423.6273","free","Yuba City, CA","616","Saeed","54"
"Shaft","Kaleb","M","1","Cook","207.46404","free","Yuba City, CA","616","(Mucho Mambo) Sway","54"
"Coldplay","Kaleb","M","2","Cook","307.51302","free","Yuba City, CA","616","Clocks","54"
"The Kills","Kaleb","M","3","Cook","287.97342","free","Yuba City, CA","616","Wait","54"
"Cut Copy","Kaleb","M","4","Cook","61.962","free","Yuba City, CA","616","We Fight For Diamonds","54"
"Telepath","Kaleb","M","5","Cook","304.19546","free","Yuba City, CA","616","Globalized","54"
"Daddy Yankee","Kaleb","M","6","Cook","214.77832","free","Yuba City, CA","616","Somos De Calle","54"
"Ennio Morricone","Kaleb","M","7","Cook","215.01342","free","Yuba City, CA","616","Chi Mai (El Profesional)","54"
"Moby","Bronson","M","0","Harris","240.74404","free","Eugene, OR","516","In This World","33"
"Plain White T's","Kaleb","M","8","Cook","232.202","free","Yuba City, CA","616","Hey There Delilah","54"
"The Hush Sound","Jordan","F","0","Hicks","192.46975","free","Salinas, CA","581","A Dark Congregation (Album Version)","37"
"OneRepublic","Jordan","F","1","Hicks","212.32281","free","Salinas, CA","581","Goodbye_ Apathy","37"
"Linkin Park","Jizelle","F","1","Benjamin","183.97995","free","Plymouth, IN","354","Runaway (Album Version)","2"
"Inverse","Jizelle","F","2","Benjamin","225.69751","free","Plymouth, IN","354","Spark My Soul (feat. Substantial)","2"
"The Ramones","Jizelle","F","3","Benjamin","210.18077","free","Plymouth, IN","354","Pet Semetary","2"
"iio","Ryan","M","0","Smith","270.36689","free","San Jose-Sunnyvale-Santa Clara, CA","670","Smooth","26"
"Britt Nicole","Jacob","M","0","Klein","247.48363","paid","Tampa-St. Petersburg-Clearwater, FL","518","Say It","73"
"K's Choice","Jacob","M","1","Klein","206.78485","paid","Tampa-St. Petersburg-Clearwater, FL","518","Another Year","73"
"Sound 5","Jacob","M","2","Klein","451.21261","paid","Tampa-St. Petersburg-Clearwater, FL","518","Latin Static","73"
"10cc","Jacob","M","3","Klein","300.40771","paid","Tampa-St. Petersburg-Clearwater, FL","518","Hotel","73"
"Underworld","Jacob","M","4","Klein","700.81261","paid","Tampa-St. Petersburg-Clearwater, FL","518","Born Slippy","73"
"Plastilina Mosh","Jacob","M","5","Klein","222.95465","paid","Tampa-St. Petersburg-Clearwater, FL","518","NiÃÂ±o Bomba","73"
"Billy Idol","Jacob","M","6","Klein","254.01424","paid","Tampa-St. Petersburg-Clearwater, FL","518","Yellin' At The Xmas Tree","73"
"Coko featuring Kirk Franklin","Jacob","M","7","Klein","249.3122","paid","Tampa-St. Petersburg-Clearwater, FL","518","I Get Joy","73"
"Tech N9ne","Jacob","M","8","Klein","301.76608","paid","Tampa-St. Petersburg-Clearwater, FL","518","Thugged-Out","73"
"Kudai","Jacob","M","9","Klein","225.82812","paid","Tampa-St. Petersburg-Clearwater, FL","518","Ya Nada Queda","73"
"Slightly Stoopid","Jacob","M","10","Klein","158.71955","paid","Tampa-St. Petersburg-Clearwater, FL","518","Till It Gets Wet","73"
"The Killers","Jacob","M","11","Klein","254.85016","paid","Tampa-St. Petersburg-Clearwater, FL","518","Daddy's Eyes","73"
"Final Fantasy","Jacob","M","12","Klein","152.97261","paid","Tampa-St. Petersburg-Clearwater, FL","518","None Of You Will Ever See A Penny","73"
"Snow Patrol","Jacob","M","13","Klein","200.93342","paid","Tampa-St. Petersburg-Clearwater, FL","518","Crack The Shutters","73"
"Jorge Drexler","Jacob","M","18","Klein","224.57424","paid","Tampa-St. Petersburg-Clearwater, FL","518","Ganas De Ti (Album Version)","73"
"Emmy The Great","Jacob","M","19","Klein","204.79955","paid","Tampa-St. Petersburg-Clearwater, FL","518","Mia","73"
"Big Tymers / Gotti / TQ / Mikkey","Jacob","M","20","Klein","222.40608","paid","Tampa-St. Petersburg-Clearwater, FL","518","Sunny Day","73"
"Molotov","Jacob","M","21","Klein","210.07628","paid","Tampa-St. Petersburg-Clearwater, FL","518","Frijolero","73"
"Tub Ring","Lily","F","0","Burns","233.69098","free","New York-Newark-Jersey City, NY-NJ-PA","646","Invalid","32"
"Gin Blossoms","Mohammad","M","0","Rodriguez","233.482","free","Sacramento--Roseville--Arden-Arcade, CA","679","Day Job","88"
"Che Sudaka","Jacob","M","22","Klein","160.49587","paid","Tampa-St. Petersburg-Clearwater, FL","518","Bihotza","73"
"Audioslave","Lily","F","1","Burns","273.65832","free","New York-Newark-Jersey City, NY-NJ-PA","646","Yesterday To Tomorrow","32"
"Erin Bode","Jacob","M","23","Klein","252.05506","paid","Tampa-St. Petersburg-Clearwater, FL","518","Here_ There And Everywhere","73"
"Calle 13","Mohammad","M","1","Rodriguez","239.3073","free","Sacramento--Roseville--Arden-Arcade, CA","679","AtrÃÂ©vete te te","88"
"Selena Gomez & The Scene","Lily","F","2","Burns","184.65914","free","New York-Newark-Jersey City, NY-NJ-PA","646","Falling Down","32"
"Barry Tuckwell/Academy of St Martin-in-the-Fields/Sir Neville Marriner","Jacob","M","24","Klein","277.15873","paid","Tampa-St. Petersburg-Clearwater, FL","518","Horn Concerto No. 4 in E flat K495: II. Romance (Andante cantabile)","73"
"Colbie Caillat","Jacob","M","25","Klein","233.16853","paid","Tampa-St. Petersburg-Clearwater, FL","518","I Never Told You","73"
"The Black Crowes","Jacob","M","26","Klein","223.65995","paid","Tampa-St. Petersburg-Clearwater, FL","518","Mellow Down Easy","73"
"Aloe Blacc","Jacob","M","27","Klein","244.1922","paid","Tampa-St. Petersburg-Clearwater, FL","518","I Need A Dollar","73"
"Datarock","Jacob","M","28","Klein","169.50812","paid","Tampa-St. Petersburg-Clearwater, FL","518","True Stories","73"
"Benjy Ferree","Jacob","M","29","Klein","169.89995","paid","Tampa-St. Petersburg-Clearwater, FL","518","Fear","73"
"Lighter Shade of Brown","Jacob","M","30","Klein","211.85261","paid","Tampa-St. Petersburg-Clearwater, FL","518","Homies","73"
"Kinky","Jacob","M","31","Klein","190.92853","paid","Tampa-St. Petersburg-Clearwater, FL","518","Soun Tha Mi Primer Amor","73"
"Pepper","Jacob","M","32","Klein","139.98975","paid","Tampa-St. Petersburg-Clearwater, FL","518","Blackout","73"
"Lionel Richie","Jacob","M","33","Klein","249.62567","paid","Tampa-St. Petersburg-Clearwater, FL","518","Hello","73"
"Fat Freddys Drop","Jacob","M","34","Klein","431.28118","paid","Tampa-St. Petersburg-Clearwater, FL","518","The Raft","73"
"Aqua","Jacob","M","35","Klein","201.92608","paid","Tampa-St. Petersburg-Clearwater, FL","518","Doctor Jones","73"
"Arctic Monkeys","Jacob","M","36","Klein","193.43628","paid","Tampa-St. Petersburg-Clearwater, FL","518","From The Ritz To The Rubble","73"
"The Crests","Avery","F","3","Watkins","182.88281","paid","San Jose-Sunnyvale-Santa Clara, CA","629","16 Candles","30"
"Onra","Jacob","M","37","Klein","120.94649","paid","Tampa-St. Petersburg-Clearwater, FL","518","TAKE A RIDE","73"
"Jets To Brazil","Jacob","M","38","Klein","305.73669","paid","Tampa-St. Petersburg-Clearwater, FL","518","Cat Heaven","73"
"Extreme","Avery","F","4","Watkins","238.99383","paid","San Jose-Sunnyvale-Santa Clara, CA","629","More Than Words","30"
"John Mayer","Avery","F","5","Watkins","269.71383","paid","San Jose-Sunnyvale-Santa Clara, CA","629","Heartbreak Warfare","30"
"The Knife","Jacob","M","39","Klein","292.54485","paid","Tampa-St. Petersburg-Clearwater, FL","518","Silent Shout","73"
"Nelson Ned","Avery","F","6","Watkins","187.24526","paid","San Jose-Sunnyvale-Santa Clara, CA","629","Eu Gosto Tanto De Voce","30"
"The Mars Volta","Jacob","M","40","Klein","472.39791","paid","Tampa-St. Petersburg-Clearwater, FL","518","With Twilight as My Guide","73"
"Cyan Velvet Project","Avery","F","7","Watkins","205.16526","paid","San Jose-Sunnyvale-Santa Clara, CA","629","Dead Skin (edit)","30"
"Tub Ring","Avery","F","8","Watkins","233.69098","paid","San Jose-Sunnyvale-Santa Clara, CA","629","Invalid","30"
"Thee Silver Mountain Reveries","Jacob","M","41","Klein","587.38893","paid","Tampa-St. Petersburg-Clearwater, FL","518","Microphones in the Trees","73"
"Red Hot Chili Peppers","Avery","F","9","Watkins","334.65424","paid","San Jose-Sunnyvale-Santa Clara, CA","629","Snow [Hey Oh] (Album Version)","30"
"Metallica","Jacob","M","42","Klein","515.21261","paid","Tampa-St. Petersburg-Clearwater, FL","518","Master Of Puppets","73"
"Bikini Kill","Jacob","M","43","Klein","149.81179","paid","Tampa-St. Petersburg-Clearwater, FL","518","Reject All American","73"
"The Black Keys","Jacob","M","44","Klein","204.59057","paid","Tampa-St. Petersburg-Clearwater, FL","518","Every Lasting Light","73"
"Jake Hess","Jacob","M","45","Klein","199.26159","paid","Tampa-St. Petersburg-Clearwater, FL","518","You And Me Jesus","73"
"B.o.B","Jacob","M","46","Klein","269.63546","paid","Tampa-St. Petersburg-Clearwater, FL","518","Nothin' On You [feat. Bruno Mars] (Album Version)","73"
"Collective Soul","Jacob","M","47","Klein","155.29751","paid","Tampa-St. Petersburg-Clearwater, FL","518","Reunion (LP Version)","73"
"Three Drives","Jacob","M","48","Klein","411.6371","paid","Tampa-St. Petersburg-Clearwater, FL","518","Greece 2000","73"
"Vanity Fare","Jacob","M","49","Klein","152.86812","paid","Tampa-St. Petersburg-Clearwater, FL","518","Early In The Morning","73"
"Drake / Kanye West / Lil Wayne / Eminem","Jacob","M","50","Klein","357.66812","paid","Tampa-St. Petersburg-Clearwater, FL","518","Forever","73"
"Aleks Syntek","Stefany","F","1","White","300.14649","free","Lubbock, TX","649","Tu Necesitas (2008 Digital Remaster)","83"
"The Grapes Of Wrath","Stefany","F","2","White","138.05669","free","Lubbock, TX","649","All The Things I Wasn't","83"
"Rilo Kiley","Stefany","F","3","White","215.64036","free","Lubbock, TX","649","Silver Lining (Album Version)","83"
"Lonnie Gordon","Stefany","F","4","White","181.21098","free","Lubbock, TX","649","Catch You Baby (Steve Pitron & Max Sanna Radio Edit)","83"
"Matt Costa","Ava","F","0","Robinson","246.02077","free","New Haven-Milford, CT","669","Unfamiliar Faces","50"
"Capital Inicial","Jaleah","F","0","Hayes","228.67546","paid","San Antonio-New Braunfels, TX","113","FÃÂ¡tima","70"
"A Day To Remember","Jaleah","F","2","Hayes","243.22567","paid","San Antonio-New Braunfels, TX","113","If It Means A Lot To You","70"
"Jack Johnson","Jaleah","F","3","Hayes","236.93016","paid","San Antonio-New Braunfels, TX","113","Bubble Toes","70"
"Gorillaz","Jaleah","F","4","Hayes","246.17751","paid","San Antonio-New Braunfels, TX","113","DARE","70"
"Jason Mraz","Jaleah","F","5","Hayes","220.18567","paid","San Antonio-New Braunfels, TX","113","You And I Both (LP Version)","70"
"Ligabue","Jaleah","F","6","Hayes","246.20363","paid","San Antonio-New Braunfels, TX","113","I duri hanno due cuori","70"
"Steve Miller Band","Jaleah","F","7","Hayes","306.23302","paid","San Antonio-New Braunfels, TX","113","Abracadabra","70"
"38 Special","Jaleah","F","8","Hayes","280.76363","paid","San Antonio-New Braunfels, TX","113","Caught Up In You","70"
"Wonderwall","Jaleah","F","9","Hayes","281.02485","paid","San Antonio-New Braunfels, TX","113","Just More (Album Version)","70"
"Pepper","Jaleah","F","10","Hayes","166.32118","paid","San Antonio-New Braunfels, TX","113","Slave","70"
"Buckcherry","Jaleah","F","11","Hayes","208.66567","paid","San Antonio-New Braunfels, TX","113","Next 2 You (Album Version)","70"
"Travie McCoy","Jaleah","F","12","Hayes","211.12118","paid","San Antonio-New Braunfels, TX","113","Billionaire [feat. Bruno Mars]  (Explicit Album Version)","70"
"OneRepublic","Jaleah","F","13","Hayes","224.67873","paid","San Antonio-New Braunfels, TX","113","Secrets","70"
"Hawk Nelson","Chloe","F","0","Cuevas","174.81098","paid","San Francisco-Oakland-Hayward, CA","680","California","49"
"Pearl Jam","Jaleah","F","14","Hayes","258.48118","paid","San Antonio-New Braunfels, TX","113","Faithful","70"
"JOSEF LOCKE & ORCHESTRA","Chloe","F","1","Cuevas","166.26893","paid","San Francisco-Oakland-Hayward, CA","680","How Can You Buy Killarney (1992 Digital Remaster)","49"
"Project 86","Chloe","F","2","Cuevas","777.58649","paid","San Francisco-Oakland-Hayward, CA","680","Twenty Three (LP Version)","49"
"Daft Punk","Jaleah","F","15","Hayes","536.13669","paid","San Antonio-New Braunfels, TX","113","Revolution 909 (Roger Sanchez Remix)","70"
"38 Special","Jaleah","F","16","Hayes","280.76363","paid","San Antonio-New Braunfels, TX","113","Caught Up In You","70"
"Creedence Clearwater Revival","Chloe","F","4","Cuevas","186.51383","paid","San Francisco-Oakland-Hayward, CA","680","Proud Mary","49"
"Ill Nino","Jaleah","F","17","Hayes","175.22893","paid","San Antonio-New Braunfels, TX","113","My Resurrection (Album Version)","70"
"The Police","Chloe","F","5","Cuevas","289.85424","paid","San Francisco-Oakland-Hayward, CA","680","So Lonely","49"
"Bitter:Sweet","Jaleah","F","18","Hayes","160.78322","paid","San Antonio-New Braunfels, TX","113","Take 2 Blue","70"
"Des'ree","Kaylee","F","1","Summers","246.30812","free","Phoenix-Mesa-Scottsdale, AZ","139","You Gotta Be","8"
"Mr Oizo","Kaylee","F","3","Summers","144.03873","free","Phoenix-Mesa-Scottsdale, AZ","139","Flat 55","8"
"Tamba Trio","Kaylee","F","4","Summers","177.18812","free","Phoenix-Mesa-Scottsdale, AZ","139","Quem Quiser Encontrar O Amor","8"
"The Mars Volta","Kaylee","F","5","Summers","380.42077","free","Phoenix-Mesa-Scottsdale, AZ","139","Eriatarka","8"
"Infected Mushroom","Kaylee","F","6","Summers","440.2673","free","Phoenix-Mesa-Scottsdale, AZ","139","Becoming Insane","8"
"Blue October / Imogen Heap","Kaylee","F","7","Summers","241.3971","free","Phoenix-Mesa-Scottsdale, AZ","139","Congratulations","8"
"Girl Talk","Kaylee","F","8","Summers","160.15628","free","Phoenix-Mesa-Scottsdale, AZ","139","Once again","8"
"Black Eyed Peas","Sylvie","F","0","Cruz","214.93506","free","Washington-Arlington-Alexandria, DC-VA-MD-WV","9","Pump It","10"
"Fall Out Boy","Ryan","M","1","Smith","200.72444","free","San Jose-Sunnyvale-Santa Clara, CA","169","Nobody Puts Baby In The Corner","26"
"M.I.A.","Ryan","M","2","Smith","233.7171","free","San Jose-Sunnyvale-Santa Clara, CA","169","Mango Pickle Down River (With The Wilcannia Mob)","26"
"Survivor","Jayden","M","0","Fox","245.36771","free","New Orleans-Metairie, LA","100","Eye Of The Tiger","101"
"N.E.R.D. FEATURING MALICE","Jayden","M","0","Fox","288.9922","free","New Orleans-Metairie, LA","184","Am I High (Feat. Malice)","101"
"Death Cab for Cutie","Stefany","F","1","White","216.42404","free","Lubbock, TX","82","A Lack Of Color (Album Version)","83"
"Tracy Gang Pussy","Stefany","F","2","White","221.33506","free","Lubbock, TX","82","I Have A Wish","83"
"Skillet","Kevin","M","0","Arellano","178.02404","free","Harrisburg-Carlisle, PA","153","Monster (Album Version)","66"
"Dance Gavin Dance","Marina","F","0","Sutton","218.46159","free","Salinas, CA","47","Uneasy Hearts Weigh The Most","48"
"Dalto","Aiden","M","1","Hess","190.40608","free","La Crosse-Onalaska, WI-MN","170","Falta Te Dizer","86"
"Kanye West","Makinley","F","0","Jones","278.88281","free","Chicago-Naperville-Elgin, IL-IN-WI","118","Family Business","17"
"Jason Mraz & Colbie Caillat","Kevin","M","0","Arellano","189.6224","free","Harrisburg-Carlisle, PA","187","Lucky (Album Version)","66"
"Liz Callaway","Lily","F","0","Koch","175.43791","paid","Chicago-Naperville-Elgin, IL-IN-WI","172","Journey To The Past  (LP Version)","15"
"The Decemberists","Lily","F","1","Koch","242.59873","paid","Chicago-Naperville-Elgin, IL-IN-WI","172","Everything I Try to Do_ Nothing Seems to Turn Out Right","15"
"Christina Aguilera","Lily","F","2","Koch","254.48444","paid","Chicago-Naperville-Elgin, IL-IN-WI","172","Impossible","15"
"OneRepublic","Lily","F","3","Koch","224.67873","paid","Chicago-Naperville-Elgin, IL-IN-WI","172","Secrets","15"
"Cat Stevens","Kynnedi","F","1","Sanchez","200.202","free","Cedar Rapids, IA","88","Wild World","89"
"Brett Dennen","Lily","F","4","Koch","179.66975","paid","Chicago-Naperville-Elgin, IL-IN-WI","172","World Keeps Turning","15"
"Godsmack","Lily","F","5","Koch","208.24771","paid","Chicago-Naperville-Elgin, IL-IN-WI","172","Greed","15"
"Anis","Lily","F","6","Koch","246.59546","paid","Chicago-Naperville-Elgin, IL-IN-WI","172","Swing Javanaise","15"
"Tiziano Ferro","Lily","F","7","Koch","251.42812","paid","Chicago-Naperville-Elgin, IL-IN-WI","172","Ed Ero Contentissimo","15"
"Kylie Auldist","Lily","F","8","Koch","265.92608","paid","Chicago-Naperville-Elgin, IL-IN-WI","172","Ship Inside A Bottle","15"
"Benga","Lily","F","9","Koch","286.17098","paid","Chicago-Naperville-Elgin, IL-IN-WI","172","The Cut","15"
"T. Rex","Lily","F","10","Koch","132.85832","paid","Chicago-Naperville-Elgin, IL-IN-WI","172","Ride A White Swan","15"
"Mexican Institute of Sound","Lily","F","11","Koch","278.04689","paid","Chicago-Naperville-Elgin, IL-IN-WI","172","Mirando a Las Muchachas","15"
"Velour 100","Lily","F","12","Koch","202.29179","paid","Chicago-Naperville-Elgin, IL-IN-WI","172","Clouds (Of Color Bright Album Version)","15"
"Maria de Barros","Lily","F","13","Koch","276.29669","paid","Chicago-Naperville-Elgin, IL-IN-WI","172","Riberonzinha","15"
"Toby Keith","Lily","F","14","Koch","177.162","paid","Chicago-Naperville-Elgin, IL-IN-WI","172","Big Blue Note","15"
"Marques Houston","Lily","F","15","Koch","264.98567","paid","Chicago-Naperville-Elgin, IL-IN-WI","172","Naked","15"
"Commit Suicide","Lily","F","16","Koch","105.482","paid","Chicago-Naperville-Elgin, IL-IN-WI","172","In All This Revelation","15"
"Smile Empty Soul","Lily","F","17","Koch","218.61832","paid","Chicago-Naperville-Elgin, IL-IN-WI","172","Bottom of a Bottle (Explicit Album Version)","15"
"Amy Winehouse","Lily","F","18","Koch","221.1522","paid","Chicago-Naperville-Elgin, IL-IN-WI","172","Wake Up Alone","15"
"Eyehategod","Lily","F","19","Koch","155.66322","paid","Chicago-Naperville-Elgin, IL-IN-WI","172","Sisterfucker (part Ii)","15"
"Sunidhi Chauhan / Anu Malik / Jatin Sharma","Lily","F","20","Koch","319.32036","paid","Chicago-Naperville-Elgin, IL-IN-WI","172","Dekh Le","15"
"Blondie","Lily","F","21","Koch","127.73832","paid","Chicago-Naperville-Elgin, IL-IN-WI","172","Little Girl Lies (2001 Digital Remaster)","15"
"She & Him","Lily","F","23","Koch","167.83628","paid","Chicago-Naperville-Elgin, IL-IN-WI","172","Got Me","15"
"The Black Keys","Lily","F","24","Koch","294.76526","paid","Chicago-Naperville-Elgin, IL-IN-WI","172","The Lengths","15"
"Survivor","Lily","F","25","Koch","245.36771","paid","Chicago-Naperville-Elgin, IL-IN-WI","172","Eye Of The Tiger","15"
"Conya Doss","Lily","F","26","Koch","317.98812","paid","Chicago-Naperville-Elgin, IL-IN-WI","172","I Miss You","15"
"Disney Studio Chorus","Lily","F","28","Koch","234.84036","paid","Chicago-Naperville-Elgin, IL-IN-WI","172","Little April Shower","15"
"Dirty Projectors","Lily","F","29","Koch","319.63383","paid","Chicago-Naperville-Elgin, IL-IN-WI","172","Stillness Is The Move","15"
"Boom Bip","Lily","F","30","Koch","330.16118","paid","Chicago-Naperville-Elgin, IL-IN-WI","172","From Left To Right","15"
"Avantasia","Lily","F","31","Koch","368.97914","paid","Chicago-Naperville-Elgin, IL-IN-WI","172","Shelter From The Rain","15"
"Amon Amarth","Lily","F","32","Koch","312.29342","paid","Chicago-Naperville-Elgin, IL-IN-WI","172","North Sea Storm (Live)","15"
"Young Money featuring Lloyd","Lily","F","33","Koch","196.33587","paid","Chicago-Naperville-Elgin, IL-IN-WI","172","BedRock (Radio Edit) (feat.Lloyd)","15"
"Breakbeat Era","Lily","F","34","Koch","326.32118","paid","Chicago-Naperville-Elgin, IL-IN-WI","172","Anti-Everything","15"
"Local Natives","Lily","F","35","Koch","237.92281","paid","Chicago-Naperville-Elgin, IL-IN-WI","172","Airplanes","15"
"Gabriella Cilmi","Lily","F","36","Koch","207.38567","paid","Chicago-Naperville-Elgin, IL-IN-WI","172","Awkward Game","15"
"Minus The Bear","Tegan","F","1","Levine","219.76771","free","Portland-South Portland, ME","165","Knights","80"
"Calle 13 Featuring CafÃÂ© Tacuba","Lily","F","37","Koch","293.32853","paid","Chicago-Naperville-Elgin, IL-IN-WI","172","No Hay Nadie Como TÃÂº","15"
"Frumpies","Aleena","F","0","Kirby","134.47791","paid","Waterloo-Cedar Falls, IA","157","Fuck Kitty","44"
"D-12","Aleena","F","1","Kirby","261.40689","paid","Waterloo-Cedar Falls, IA","157","Barbershop","44"
"Emil Gilels/Orchestre de la SociÃÂ©tÃÂ© des Concerts du Conservatoire/AndrÃÂ© Cluytens","Tegan","F","2","Levine","375.19628","free","Portland-South Portland, ME","165","Piano Concerto No. 2 in G minor Op. 22 (2006 Digital Remaster): III.  Presto","80"
"Dragonette","Lily","F","38","Koch","246.49098","paid","Chicago-Naperville-Elgin, IL-IN-WI","172","Fixin to Thrill","15"
"Pennywise","Mohammad","M","0","Rodriguez","188.26404","free","Sacramento--Roseville--Arden-Arcade, CA","87","The Western World","88"
"Kanye West","Aleena","F","2","Kirby","238.52363","paid","Waterloo-Cedar Falls, IA","157","Flashing Lights","44"
"Flash And The Pan","Lily","F","39","Koch","224.65261","paid","Chicago-Naperville-Elgin, IL-IN-WI","172","Waiting for a Train [Single Mix]","15"
"Washed Out","Tegan","F","3","Levine","168.6722","free","Portland-South Portland, ME","165","New Theory","80"
"Katy Perry","Aleena","F","3","Kirby","179.40853","paid","Waterloo-Cedar Falls, IA","157","I Kissed A Girl","44"
"AFI","Lily","F","40","Koch","198.97424","paid","Chicago-Naperville-Elgin, IL-IN-WI","172","Miss Murder","15"
"Drake / Kanye West / Lil Wayne / Eminem","Aleena","F","4","Kirby","357.66812","paid","Waterloo-Cedar Falls, IA","157","Forever","44"
"The Crests","Lily","F","41","Koch","182.88281","paid","Chicago-Naperville-Elgin, IL-IN-WI","172","16 Candles","15"
"Nirvana","Lily","F","42","Koch","219.08853","paid","Chicago-Naperville-Elgin, IL-IN-WI","172","Come As You Are","15"
"Knights Of The Abyss","Aleena","F","5","Kirby","205.66159","paid","Waterloo-Cedar Falls, IA","157","Dragon Pie","44"
"Binary Star","Lily","F","43","Koch","300.19873","paid","Chicago-Naperville-Elgin, IL-IN-WI","172","Honest Expression","15"
"Nada Surf","Aleena","F","6","Kirby","181.08036","paid","Waterloo-Cedar Falls, IA","157","Whose Authority","44"
"Blank & Jones","Aleena","F","7","Kirby","310.15138","paid","Waterloo-Cedar Falls, IA","157","Beyond Time (Ambient Mix)","44"
"Carnifex","Lily","F","44","Koch","219.89832","paid","Chicago-Naperville-Elgin, IL-IN-WI","172","By Darkness Enslaved","15"
"Bono / Secret Machines","Lily","F","45","Koch","285.43955","paid","Chicago-Naperville-Elgin, IL-IN-WI","172","I Am The Walrus","15"
"Broadcast 2000","Aleena","F","8","Kirby","198.84363","paid","Waterloo-Cedar Falls, IA","157","The View","44"
"Pixies","Aleena","F","9","Kirby","229.3024","paid","Waterloo-Cedar Falls, IA","157","Where Is My Mind?","44"
"Kings Of Leon","Lily","F","46","Koch","242.99057","paid","Chicago-Naperville-Elgin, IL-IN-WI","172","Holy Roller Novocaine","15"
"Arctic Monkeys","Aleena","F","10","Kirby","221.85751","paid","Waterloo-Cedar Falls, IA","157","You Know I'm No Good","44"
"Alliance Ethnik","Lily","F","47","Koch","252.21179","paid","Chicago-Naperville-Elgin, IL-IN-WI","172","ReprÃÂ©sente","15"
"Apocalyptica","Chloe","F","0","Cuevas","409.86077","free","San Francisco-Oakland-Hayward, CA","179","Coma","49"
"Big Tymers","Aleena","F","11","Kirby","256.15628","paid","Waterloo-Cedar Falls, IA","157","Lil Mama","44"
"Pat Green","Lily","F","48","Koch","295.33995","paid","Chicago-Naperville-Elgin, IL-IN-WI","172","Whiskey","15"
"Daughtry","Aleena","F","12","Kirby","249.91302","paid","Waterloo-Cedar Falls, IA","157","No Surprise","44"
"Air","Chloe","F","1","Cuevas","212.21832","free","San Francisco-Oakland-Hayward, CA","179","Playground Love","49"
"Sam Cooke","Lily","F","49","Koch","122.04363","paid","Chicago-Naperville-Elgin, IL-IN-WI","172","Ain't Misbehavin","15"
"Live","Aleena","F","13","Kirby","203.28444","paid","Waterloo-Cedar Falls, IA","157","Deep Enough","44"
"Everclear","Lily","F","50","Koch","222.61506","paid","Chicago-Naperville-Elgin, IL-IN-WI","172","Summerland","15"
"Alison Krauss / Union Station","Aleena","F","14","Kirby","129.67138","paid","Waterloo-Cedar Falls, IA","157","Down To The River To Pray","44"
"The All-American Rejects","Lily","F","51","Koch","239.22893","paid","Chicago-Naperville-Elgin, IL-IN-WI","172","Move Along","15"
"Covenant","Aleena","F","15","Kirby","300.19873","paid","Waterloo-Cedar Falls, IA","157","XRDS","44"
"You Me At Six","Aiden","M","0","Hess","191.13751","free","La Crosse-Onalaska, WI-MN","189","Liquid Confidence","86"
"Motion City Soundtrack","Lily","F","52","Koch","206.34077","paid","Chicago-Naperville-Elgin, IL-IN-WI","172","Everything Is Alright (Album Version)","15"
"FM Static","Lily","F","53","Koch","169.84771","paid","Chicago-Naperville-Elgin, IL-IN-WI","172","Something To Believe In","15"
"Dave Gahan","Lily","F","54","Koch","272.92689","paid","Chicago-Naperville-Elgin, IL-IN-WI","172","Kingdom","15"
"Metallica","Lily","F","55","Koch","319.73832","paid","Chicago-Naperville-Elgin, IL-IN-WI","172","Mama Said","15"
"Dr. Hook","Lily","F","56","Koch","229.77261","paid","Chicago-Naperville-Elgin, IL-IN-WI","172","Sylvia's Mother","15"
"Gotan Project","Lily","F","57","Koch","321.30567","paid","Chicago-Naperville-Elgin, IL-IN-WI","172","Diferente","15"
"Carrie Underwood","Lily","F","58","Koch","221.3873","paid","Chicago-Naperville-Elgin, IL-IN-WI","172","Play On","15"
"Ut","Lily","F","59","Koch","313.86077","paid","Chicago-Naperville-Elgin, IL-IN-WI","172","I.D.","15"
"Lil Wayne / Eminem","Lily","F","60","Koch","229.58975","paid","Chicago-Naperville-Elgin, IL-IN-WI","172","Drop The World","15"
"Damage","Lily","F","61","Koch","263.18322","paid","Chicago-Naperville-Elgin, IL-IN-WI","172","For Your Pleasure","15"
"Rionegro / SolimÃÂµes","Lily","F","62","Koch","280.92036","paid","Chicago-Naperville-Elgin, IL-IN-WI","172","De SÃÂ£o Paulo ÃÂ BelÃÂ©m","15"
"Drive-By Truckers","Lily","F","63","Koch","246.22975","paid","Chicago-Naperville-Elgin, IL-IN-WI","172","Outfit","15"
"Tweet","Lily","F","64","Koch","256.39138","paid","Chicago-Naperville-Elgin, IL-IN-WI","172","Smoking Cigarettes (LP Version)","15"
"Ben Folds Five","Lily","F","65","Koch","207.882","paid","Chicago-Naperville-Elgin, IL-IN-WI","172","Steven's Last Night In Town","15"
"Glen Hansard","Lily","F","66","Koch","239.59465","paid","Chicago-Naperville-Elgin, IL-IN-WI","172","Lies","15"
"Chevelle","Adler","M","0","Barrera","389.85098","free","New York-Newark-Jersey City, NY-NJ-PA","174","Dos (LP Version)","100"
"Bill Withers","Lily","F","67","Koch","383.73832","paid","Chicago-Naperville-Elgin, IL-IN-WI","172","Make Love To Your Mind","15"
"Jorge Drexler","Adler","M","1","Barrera","272.14322","free","New York-Newark-Jersey City, NY-NJ-PA","174","Salvapantallas","100"
"Michael Bolton","Lily","F","68","Koch","255.65995","paid","Chicago-Naperville-Elgin, IL-IN-WI","172","How Am I Supposed To Live Without You","15"
"The Mercury Program","Adler","M","2","Barrera","449.12281","free","New York-Newark-Jersey City, NY-NJ-PA","174","Marianas","100"
"Duran Duran","Lily","F","69","Koch","321.88036","paid","Chicago-Naperville-Elgin, IL-IN-WI","172","The Seventh Stranger","15"
"Little Boots","Lily","F","70","Koch","195.94404","paid","Chicago-Naperville-Elgin, IL-IN-WI","172","Meddle","15"
"Johnossi","Lily","F","71","Koch","174.2624","paid","Chicago-Naperville-Elgin, IL-IN-WI","172","Glory Days To Come","15"
"BjÃÂ¶rk","Lily","F","72","Koch","348.57751","paid","Chicago-Naperville-Elgin, IL-IN-WI","172","Undo","15"
"Black Eyed Peas","Lily","F","73","Koch","226.37669","paid","Chicago-Naperville-Elgin, IL-IN-WI","172","Hey Mama","15"
"DecembeRadio","Lily","F","74","Koch","249.62567","paid","Chicago-Naperville-Elgin, IL-IN-WI","172","Find You Waiting","15"
"Bonobo","Lily","F","75","Koch","270.41914","paid","Chicago-Naperville-Elgin, IL-IN-WI","172","1009","15"
"Five Iron Frenzy","Tegan","F","1","Levine","236.09424","free","Portland-South Portland, ME","194","Canada","80"
"Morcheeba","Tegan","F","2","Levine","347.71546","free","Portland-South Portland, ME","194","The Sea","80"
"The Avett Brothers","Tegan","F","3","Levine","307.9571","free","Portland-South Portland, ME","194","All My Mistakes (US4BW0700133)","80"
"Dave Darell","Aiden","M","0","Hess","217.33832","free","La Crosse-Onalaska, WI-MN","197","Children","86"
"Priestess","Ryan","M","1","Smith","190.45832","free","San Jose-Sunnyvale-Santa Clara, CA","183","Talk To Her","26"
"Arcade Fire","Ryan","M","2","Smith","169.19465","free","San Jose-Sunnyvale-Santa Clara, CA","183","I'm Sleeping In A Submarine","26"
"Daft Punk","Ryan","M","3","Smith","211.69587","free","San Jose-Sunnyvale-Santa Clara, CA","183","Crescendolls","26"
"Nickel Creek","Ryan","M","4","Smith","255.13751","free","San Jose-Sunnyvale-Santa Clara, CA","183","When In Rome","26"
"Squeeze","Ryan","M","5","Smith","229.56363","free","San Jose-Sunnyvale-Santa Clara, CA","183","Footprints","26"
"Creedence Clearwater Revival","Samuel","M","0","Gonzalez","175.80363","free","Houston-The Woodlands-Sugar Land, TX","60","Sweet Hitch-Hiker","61"
"Kierra Sheard","Samuel","M","1","Gonzalez","299.02322","free","Houston-The Woodlands-Sugar Land, TX","60","Love Like Crazy (Extended Mix)","61"
"Greg Laswell","Mohammad","M","1","Rodriguez","251.08853","free","Sacramento--Roseville--Arden-Arcade, CA","193","Comes And Goes ( In Waves )","88"
"Pavement","Mohammad","M","3","Rodriguez","99.16036","free","Sacramento--Roseville--Arden-Arcade, CA","193","Mercy:The Laundromat","88"
"Sixx A.M.","Mohammad","M","4","Rodriguez","280.58077","free","Sacramento--Roseville--Arden-Arcade, CA","193","Courtesy Call (Explicit)","88"
"Leonard Cohen","Mohammad","M","5","Rodriguez","267.67628","free","Sacramento--Roseville--Arden-Arcade, CA","193","I'm Your Man","88"
"The Tallest Man On Earth","Joseph","M","0","Gutierrez","203.62404","free","Columbia, SC","167","The Wild Hunt","75"
"My Chemical Romance","Joseph","M","1","Gutierrez","161.90649","free","Columbia, SC","167","Teenagers (Album Version)","75"
"Wendy Rene","Joseph","M","2","Gutierrez","182.46485","free","Columbia, SC","167","After Laughter (Comes Tears) (LP Version)","75"
"Jack Johnson / Paula Fuga","Joseph","M","3","Gutierrez","178.33751","free","Columbia, SC","167","Country Road","75"
"Tub Ring","Joseph","M","4","Gutierrez","233.69098","free","Columbia, SC","167","Invalid","75"
"No Doubt","Mohammad","M","0","Rodriguez","44.93016","free","Sacramento--Roseville--Arden-Arcade, CA","205","BND","88"
"Katy Perry","Mohammad","M","1","Rodriguez","179.40853","free","Sacramento--Roseville--Arden-Arcade, CA","205","I Kissed A Girl","88"
"Neutral Milk Hotel","Joseph","M","5","Gutierrez","248.37179","free","Columbia, SC","167","Ghost","75"
"Dwight Yoakam","Ava","F","0","Robinson","239.3073","free","New Haven-Milford, CT","156","You're The One","50"
"Ella Fitzgerald","Joseph","M","6","Gutierrez","427.15383","free","Columbia, SC","167","On Green Dolphin Street (Medley) (1999 Digital Remaster)","75"
"Tony Rohr","Ava","F","1","Robinson","403.09506","free","New Haven-Milford, CT","156","Van Comp","50"
"Braid","Joseph","M","7","Gutierrez","222.74567","free","Columbia, SC","167","Divers","75"
"Fourmost","Joseph","M","8","Gutierrez","113.6322","free","Columbia, SC","167","Hello Little Girl","75"
"Catupecu Machu","Joseph","M","9","Gutierrez","212.32281","free","Columbia, SC","167","Hormigas","75"
"Creed","Joseph","M","10","Gutierrez","329.87383","free","Columbia, SC","167","Weathered","75"
"Ennio Morricone","Joseph","M","11","Gutierrez","215.01342","free","Columbia, SC","167","Chi Mai (El Profesional)","75"
"Down To The Bone","Sylvie","F","0","Cruz","333.76608","free","Washington-Arlington-Alexandria, DC-VA-MD-WV","182","Keep On Keepin' On","10"
"Three Drives","Sylvie","F","1","Cruz","411.6371","free","Washington-Arlington-Alexandria, DC-VA-MD-WV","182","Greece 2000","10"
"Sebastien Tellier","Sylvie","F","2","Cruz","377.73016","free","Washington-Arlington-Alexandria, DC-VA-MD-WV","182","Kilometer","10"
"Lonnie Gordon","Sylvie","F","3","Cruz","181.21098","free","Washington-Arlington-Alexandria, DC-VA-MD-WV","182","Catch You Baby (Steve Pitron & Max Sanna Radio Edit)","10"
"Charttraxx Karaoke","Ava","F","0","Robinson","225.17506","free","New Haven-Milford, CT","207","Fireflies","50"
"Ska-P","Ava","F","1","Robinson","220.21179","free","New Haven-Milford, CT","207","NiÃÂ±o Soldado","50"
"Dwight Yoakam","Ava","F","2","Robinson","239.3073","free","New Haven-Milford, CT","207","You're The One","50"
"Radiohead","Ayleen","F","0","Wise","130.82077","free","Columbia, SC","70","Pop Is Dead","71"
"Scouting for Girls","Ayleen","F","1","Wise","201.1424","free","Columbia, SC","70","The Mountains Of Navaho","71"
"Alliance Ethnik","Ayleen","F","2","Wise","195.94404","free","Columbia, SC","70","SinceritÃÂ© Et Jalousie","71"
"OutKast","Ayleen","F","3","Wise","227.52608","free","Columbia, SC","70","Ova Da Wudz","71"
"Bloodhound Gang","Kaleb","M","0","Cook","260.20526","free","Yuba City, CA","53","Uhn Tiss Uhn Tiss Uhn Tiss","54"
"Rammstein","Isaac","M","0","Valdez","228.46649","free","Saginaw, MI","112","Adios","3"
"Gershon Kingsley","Isaac","M","1","Valdez","146.57261","free","Saginaw, MI","112","Pop Corn","3"
"The Rakes","Isaac","M","2","Valdez","150.59546","free","Saginaw, MI","112","Strasbourg","3"
"Fu","Kevin","M","1","Arellano","280.05832","free","Harrisburg-Carlisle, PA","514","Ja I Ty","66"
"All Time Low","Maia","F","1","Burke","177.84118","free","Houston-The Woodlands-Sugar Land, TX","510","A Party Song (The Walk of Shame)","51"
"Nik & Jay","Wyatt","M","0","Scott","196.51873","free","Eureka-Arcata-Fortuna, CA","379","Pop-Pop!","9"
"Quad City DJ's","Chloe","F","0","Cuevas","451.44771","free","San Francisco-Oakland-Hayward, CA","506","C'mon N' Ride It (The Train) (LP Version)","49"
"Hoobastank","Noah","M","1","Chavez","232.17587","free","Ogden-Clearfield, UT","492","Born To Lead","94"
"Foo Fighters","Devin","M","0","Larson","271.38567","free","Tampa-St. Petersburg-Clearwater, FL","413","The Pretender","60"
"The Firesign Theatre","Devin","M","1","Larson","1087.18975","free","Tampa-St. Petersburg-Clearwater, FL","413","Side .002","60"
"Julian Lennon","Devin","M","2","Larson","210.46812","free","Tampa-St. Petersburg-Clearwater, FL","413","Too Late For Goodbyes","60"
"Kinky","Jayden","M","1","Graves","198.32118","paid","Marinette, WI-MI","442","Sister Twisted","25"
"The Early November","Jayden","M","2","Graves","250.04363","paid","Marinette, WI-MI","442","Ever So Sweet","25"
"Damien Rice","Jayden","M","3","Graves","191.39873","paid","Marinette, WI-MI","442","9 Crimes (Demo)","25"
"Jimi Hendrix","Jayden","M","4","Graves","296.88118","paid","Marinette, WI-MI","442","Crying Blue Rain","25"
"Cartola","Jayden","M","5","Graves","173.06077","paid","Marinette, WI-MI","442","Peito Vazio","25"
"Cat Stevens","Jayden","M","6","Graves","223.32036","paid","Marinette, WI-MI","442","Lady D'Arbanville","25"
"Dwight Yoakam","Jayden","M","7","Graves","239.3073","paid","Marinette, WI-MI","442","You're The One","25"
"Les MisÃÂ©rables - 10th Anniversary Concert","Jayden","M","8","Graves","109.73995","paid","Marinette, WI-MI","442","Do You Hear The People Sing?","25"
"America","Jayden","M","9","Graves","173.19138","paid","Marinette, WI-MI","442","Work To Do","25"
"Dio","Jayden","M","10","Graves","284.55138","paid","Marinette, WI-MI","442","When A Woman Cries","25"
"Dash Berlin","Jayden","M","12","Graves","470.5171","paid","Marinette, WI-MI","442","Till The Sky Falls Down","25"
"Brian Hyland","Jayden","M","13","Graves","160.13016","paid","Marinette, WI-MI","442","Sealed With A Kiss","25"
"The Black Keys","Jayden","M","14","Graves","162.55955","paid","Marinette, WI-MI","442","Your Touch","25"
"Queensryche","Jayden","M","15","Graves","199.78404","paid","Marinette, WI-MI","442","Circles (2007 Live At The Moore Theater in Seattle LP Version)","25"
"The Black Keys","Jayden","M","16","Graves","191.76444","paid","Marinette, WI-MI","442","Howlin For You","25"
"The Killers","Jayden","M","17","Graves","218.85342","paid","Marinette, WI-MI","442","This Is Your Life","25"
"Erasure","Jayden","M","18","Graves","584.25424","paid","Marinette, WI-MI","442","Fingers And Thumbs (Cold Summer's Day) (Sound Factory Remix)","25"
"Red Hot Chili Peppers","Jayden","M","19","Graves","334.65424","paid","Marinette, WI-MI","442","Snow [Hey Oh] (Album Version)","25"
"Balkan Beat Box","Jayden","M","20","Graves","352.60036","paid","Marinette, WI-MI","442","Bulgarian  Chicks","25"
"Fleet Foxes","Jayden","M","21","Graves","208.03873","paid","Marinette, WI-MI","442","Tiger Mountain Peasant Song","25"
"Damu The Fudgemunk","Jayden","M","22","Graves","76.66893","paid","Marinette, WI-MI","442","Man With Bindle [Pawt 1] (2004)","25"
"Harmonia","Stefany","F","0","White","655.77751","free","Lubbock, TX","380","Sehr kosmisch","83"
"Moloko","Jayden","M","23","Graves","593.3971","paid","Marinette, WI-MI","442","Over And Over","25"
"Richard Ashcroft","Stefany","F","1","White","236.35546","free","Lubbock, TX","380","Break The Night With Colour","83"
"Johnny Gill","Jayden","M","24","Graves","288.70485","paid","Marinette, WI-MI","442","Chemistry","25"
"Enya","Jayden","M","25","Graves","175.85587","paid","Marinette, WI-MI","442","The Sun In The Stream","25"
"Eminem","Jayden","M","26","Graves","250.8273","paid","Marinette, WI-MI","442","Mockingbird","25"
"Van Halen","Aleena","F","1","Kirby","311.61424","paid","Waterloo-Cedar Falls, IA","474","Love Walks In (Remastered Album Version)","44"
"BarlowGirl","Aleena","F","2","Kirby","274.1024","paid","Waterloo-Cedar Falls, IA","474","Never Alone (Acoustic Version)","44"
"Porcupine Tree","Aleena","F","3","Kirby","458.00444","paid","Waterloo-Cedar Falls, IA","474","Way Out of Here [Album Version]","44"
"Slash","Aleena","F","4","Kirby","278.49098","paid","Waterloo-Cedar Falls, IA","474","Beautiful Dangerous (featuring Fergie)","44"
"Lady GaGa","Aleena","F","5","Kirby","274.18077","paid","Waterloo-Cedar Falls, IA","474","Alejandro","44"
"Shout Out Louds","Kate","F","0","Harrell","231.96689","paid","Lansing-East Lansing, MI","508","Never Ever","97"
"Nick Jonas & The Administration","Aleena","F","6","Kirby","245.57669","paid","Waterloo-Cedar Falls, IA","474","Who I Am","44"
"Cibelle","Kate","F","1","Harrell","576.91383","paid","Lansing-East Lansing, MI","508","Pequenos Olhos","97"
"Joshua Radin","Aleena","F","7","Kirby","182.62159","paid","Waterloo-Cedar Falls, IA","474","The Fear You Won't Fall","44"
"Kings Of Leon","Aleena","F","8","Kirby","201.79546","paid","Waterloo-Cedar Falls, IA","474","Revelry","44"
"Spinal Tap","Aleena","F","9","Kirby","304.71791","paid","Waterloo-Cedar Falls, IA","474","Rock 'n' Roll Creation","44"
"Nine Inch Nails","Kate","F","2","Harrell","324.67546","paid","Lansing-East Lansing, MI","508","Beside You In Time","97"
"Aiden","Aleena","F","10","Kirby","238.65424","paid","Waterloo-Cedar Falls, IA","474","Breathless (Album Version)","44"
"Muse","Kate","F","3","Harrell","441.10322","paid","Lansing-East Lansing, MI","508","Citizen Erased","97"
"Wyclef Jean","Aleena","F","11","Kirby","319.97342","paid","Waterloo-Cedar Falls, IA","474","Something About Mary","44"
"Matthew Good","Aleena","F","12","Kirby","307.06893","paid","Waterloo-Cedar Falls, IA","474","She's In It for the Money","44"
"Luke Bryan","Kate","F","4","Harrell","238.28853","paid","Lansing-East Lansing, MI","508","Do I","97"
"Billy Currington","Kate","F","5","Harrell","223.7122","paid","Lansing-East Lansing, MI","508","Walk A Little Straighter","97"
"Justice","Aleena","F","13","Kirby","236.12036","paid","Waterloo-Cedar Falls, IA","474","DVNO","44"
"Sam Cooke","Kate","F","6","Harrell","122.04363","paid","Lansing-East Lansing, MI","508","Ain't Misbehavin","97"
"Guns N' Roses","Aleena","F","14","Kirby","284.05506","paid","Waterloo-Cedar Falls, IA","474","Don't Cry (Original)","44"
"DJ Shadow","Cecilia","F","0","Owens","436.24444","free","Atlanta-Sandy Springs-Roswell, GA","453","Changeling","6"
"Madonna","Kate","F","7","Harrell","241.21424","paid","Lansing-East Lansing, MI","508","American Life [Headcleanr Rock Mix]","97"
"Justin Bieber / Usher","Aleena","F","15","Kirby","222.30159","paid","Waterloo-Cedar Falls, IA","474","First Dance","44"
"Pat Benatar","Kate","F","8","Harrell","269.26975","paid","Lansing-East Lansing, MI","508","Invincible","97"
"The New Pornographers","Cecilia","F","1","Owens","173.94893","free","Atlanta-Sandy Springs-Roswell, GA","453","Falling Through Your Clothes","6"
"Subhumans","Aleena","F","16","Kirby","209.37098","paid","Waterloo-Cedar Falls, IA","474","Rain","44"
"Van Halen","Kate","F","9","Harrell","198.37342","paid","Lansing-East Lansing, MI","508","You're No Good (Album Version)","97"
"The Black Ghosts","Kate","F","10","Harrell","203.28444","paid","Lansing-East Lansing, MI","508","Anyway You Choose To Give It (Radio Edit)","97"
"The New Pornographers","Ava","F","0","Robinson","166.66077","free","New Haven-Milford, CT","430","Jackie","50"
"Slim Dusty","Ava","F","1","Robinson","198.922","free","New Haven-Milford, CT","430","Long Black Road","50"
"Muse","Ava","F","2","Robinson","346.69669","free","New Haven-Milford, CT","430","Resistance","50"
"Alliance Ethnik","Chloe","F","0","Cuevas","265.76934","free","San Francisco-Oakland-Hayward, CA","528","Creil City","49"
"The Mossie","Jacqueline","F","1","Lynch","147.19955","paid","Atlanta-Sandy Springs-Roswell, GA","486","Interlude #1 (Mama)","29"
"Anastacia","Jacqueline","F","2","Lynch","208.45669","paid","Atlanta-Sandy Springs-Roswell, GA","486","One Day In Your Life","29"
"Europe","Mohammad","M","1","Rodriguez","346.69669","free","Sacramento--Roseville--Arden-Arcade, CA","471","The Final Countdown","88"
"Renee Olstead","Chloe","F","1","Cuevas","251.74159","free","San Francisco-Oakland-Hayward, CA","528","Summertime (Album Version)","49"
"John Mayer","Jacqueline","F","3","Lynch","258.92526","paid","Atlanta-Sandy Springs-Roswell, GA","486","Good Love Is On The Way","29"
"Lone Justice","Chloe","F","2","Cuevas","273.57995","free","San Francisco-Oakland-Hayward, CA","528","Shelter","49"
"Beirut","Colm","M","0","Santana","230.19057","free","Nashville-Davidson--Murfreesboro--Franklin, TN","475","Nantes","67"
"In Flames","Jacqueline","F","4","Lynch","278.69995","paid","Atlanta-Sandy Springs-Roswell, GA","486","My sweet shadow","29"
"New Funky Generation","Chloe","F","3","Cuevas","294.03383","free","San Francisco-Oakland-Hayward, CA","528","Lubumba '98","49"
"Coldplay","Colm","M","1","Santana","268.38159","free","Nashville-Davidson--Murfreesboro--Franklin, TN","475","Yellow","67"
"Celtic Woman","Jacqueline","F","5","Lynch","196.96281","paid","Atlanta-Sandy Springs-Roswell, GA","486","Siulil A Run","29"
"Delerium feat. Sarah McLachlan","Chloe","F","4","Cuevas","494.81098","free","San Francisco-Oakland-Hayward, CA","528","Silence","49"
"Jeff Beck & The Big Town Playboys","Colm","M","2","Santana","142.44526","free","Nashville-Davidson--Murfreesboro--Franklin, TN","475","Blues Stay Away From Me","67"
"matchbox twenty","Jacqueline","F","6","Lynch","229.14567","paid","Atlanta-Sandy Springs-Roswell, GA","486","Unwell (Album Version)","29"
"J. Karjalainen & Mustat Lasit","Colm","M","8","Santana","336.74404","free","Nashville-Davidson--Murfreesboro--Franklin, TN","475","Sinisten tÃÂ¤htien alla","67"
"Eric B. & Rakim","Kevin","M","1","Arellano","263.91465","free","Harrisburg-Carlisle, PA","525","Move The Crowd","66"
"Justin Bieber / Jessica Jarrell","Jacqueline","F","7","Lynch","251.16689","paid","Atlanta-Sandy Springs-Roswell, GA","486","Overboard","29"
"Mario Rosenstock","Chloe","F","5","Cuevas","183.14404","free","San Francisco-Oakland-Hayward, CA","528","FAI Piss-Up 1","49"
"Jermaine Dupri featuring Jay-Z","Theodore","M","1","Harris","254.30159","free","Red Bluff, CA","515","Money Ain't A Thang","14"
"Terror Squad / Big Pun / Big L / Fat Joe","Jacqueline","F","8","Lynch","266.70975","paid","Atlanta-Sandy Springs-Roswell, GA","486","Bring 'Em Back","29"
"George Baker Selection","Chloe","F","6","Cuevas","200.4371","free","San Francisco-Oakland-Hayward, CA","528","Morning Sky","49"
"Okkervil River","Theodore","M","2","Harris","223.13751","free","Red Bluff, CA","515","Plus Ones","14"
"Kings Of Leon","Jacqueline","F","9","Lynch","334.75873","paid","Atlanta-Sandy Springs-Roswell, GA","486","Cold Desert","29"
"Arcade Fire","Jacqueline","F","10","Lynch","288.33914","paid","Atlanta-Sandy Springs-Roswell, GA","486","Neighborhood #1 (Tunnels)","29"
"Men Without Hats","Ayla","F","0","Johnson","164.49261","free","Santa Rosa, CA","520","Safety Dance","63"
"Immortal Technique","Ayla","F","1","Johnson","171.12771","free","Santa Rosa, CA","520","Bin Laden Feat. MosDef (Inst)","63"
"Divinyls","Jacqueline","F","11","Lynch","232.04526","paid","Atlanta-Sandy Springs-Roswell, GA","486","Pleasure And Pain","29"
"Danny Elfman","Jacqueline","F","12","Lynch","176.84853","paid","Atlanta-Sandy Springs-Roswell, GA","486","Prologue","29"
"Plain White T's","Jacqueline","F","13","Lynch","232.202","paid","Atlanta-Sandy Springs-Roswell, GA","486","Hey There Delilah","29"
"Breaking Benjamin","Jacqueline","F","14","Lynch","205.322","paid","Atlanta-Sandy Springs-Roswell, GA","486","Blow Me Away","29"
"Penguin CafÃÂ© Orchestra","Jacqueline","F","15","Lynch","269.84444","paid","Atlanta-Sandy Springs-Roswell, GA","486","Perpetuum Mobile","29"
"Kings Of Leon","Jacqueline","F","16","Lynch","201.79546","paid","Atlanta-Sandy Springs-Roswell, GA","486","Revelry","29"
"Banco Del Mutuo Soccorso","Jacqueline","F","17","Lynch","354.76853","paid","Atlanta-Sandy Springs-Roswell, GA","486","Di Terra (2006 Digital Remaster)","29"
"Tanlines","Jacqueline","F","18","Lynch","279.77098","paid","Atlanta-Sandy Springs-Roswell, GA","486","Real Life","29"
"Rammstein","Jacqueline","F","19","Lynch","264.22812","paid","Atlanta-Sandy Springs-Roswell, GA","486","Engel","29"
"Sangre Azul","Jacqueline","F","20","Lynch","274.80771","paid","Atlanta-Sandy Springs-Roswell, GA","486","Noche De AcciÃÂ³n","29"
"Zumpano","Jacqueline","F","21","Lynch","208.06485","paid","Atlanta-Sandy Springs-Roswell, GA","486","Jeez Louise (Album)","29"
"Kanye West","Lily","F","1","Burns","238.52363","free","New York-Newark-Jersey City, NY-NJ-PA","517","Flashing Lights","32"
"Kings Of Leon","Jacqueline","F","22","Lynch","231.81016","paid","Atlanta-Sandy Springs-Roswell, GA","486","Use Somebody","29"
"Mike And The Mechanics And Paul Carrack","Jordan","F","1","Hicks","308.63628","free","Salinas, CA","499","Underscore","37"
"Kings Of Leon","Jacqueline","F","23","Lynch","227.18649","paid","Atlanta-Sandy Springs-Roswell, GA","486","Be Somebody","29"
"Cornelis Vreeswijk","Jacqueline","F","24","Lynch","140.66893","paid","Atlanta-Sandy Springs-Roswell, GA","486","En resa","29"
"Bon Iver","Jordan","F","2","Hicks","238.49751","free","Salinas, CA","499","Skinny Love","37"
"Daft Punk","Jacqueline","F","25","Lynch","290.76853","paid","Atlanta-Sandy Springs-Roswell, GA","486","Television Rules The Nation / Crescendolls","29"
"Asher Roth / Cee-Lo","Jordan","F","3","Hicks","262.66077","free","Salinas, CA","499","Be By Myself","37"
"Suicidal Tendencies","Jacqueline","F","26","Lynch","172.01587","paid","Atlanta-Sandy Springs-Roswell, GA","486","Freedumb","29"
"The Be Good Tanyas","Jordan","F","4","Hicks","225.04444","free","Salinas, CA","499","A Thousand Tiny Pieces","37"
"John Mayer","Jacqueline","F","27","Lynch","250.38322","paid","Atlanta-Sandy Springs-Roswell, GA","486","Half Of My Heart","29"
"Flyleaf","Jacqueline","F","28","Lynch","174.39302","paid","Atlanta-Sandy Springs-Roswell, GA","486","Missing","29"
"Kings Of Leon","Jacqueline","F","29","Lynch","201.79546","paid","Atlanta-Sandy Springs-Roswell, GA","486","Revelry","29"
"Damian Marley / Stephen Marley / Rovleta Fraser","Jacqueline","F","30","Lynch","255.55546","paid","Atlanta-Sandy Springs-Roswell, GA","486","Hey Girl","29"
"O Rappa","Jacqueline","F","32","Lynch","195.83955","paid","Atlanta-Sandy Springs-Roswell, GA","486","ÃÂ Noite","29"
"The Whitest Boy Alive","Jacqueline","F","33","Lynch","261.85098","paid","Atlanta-Sandy Springs-Roswell, GA","486","Courage","29"
"Angels Of Light & Akron/Family","Jacqueline","F","34","Lynch","150.33424","paid","Atlanta-Sandy Springs-Roswell, GA","486","Awake","29"
"Belanova","Jacqueline","F","35","Lynch","187.53261","paid","Atlanta-Sandy Springs-Roswell, GA","486","Me Pregunto","29"
"Thee Headcoats","Jacqueline","F","36","Lynch","160.26077","paid","Atlanta-Sandy Springs-Roswell, GA","486","Monkey's Paw","29"
"matchbox twenty","Jacqueline","F","37","Lynch","218.72281","paid","Atlanta-Sandy Springs-Roswell, GA","486","Disease (Album Version)","29"
"Primal Scream","Jacqueline","F","38","Lynch","226.2722","paid","Atlanta-Sandy Springs-Roswell, GA","486","Movin' On Up","29"
"DJ Krush & Toshinori Kondo","Jacqueline","F","39","Lynch","279.90159","paid","Atlanta-Sandy Springs-Roswell, GA","486","Shoh-ka","29"
"Mindless Faith","Jacqueline","F","40","Lynch","312.47628","paid","Atlanta-Sandy Springs-Roswell, GA","486","Independence Day (version)","29"
"Ella Baila Sola","Tegan","F","3","Levine","259.00363","paid","Portland-South Portland, ME","545","Y Quisiera","80"
"Barry Tuckwell/Academy of St Martin-in-the-Fields/Sir Neville Marriner","Jacqueline","F","41","Lynch","277.15873","paid","Atlanta-Sandy Springs-Roswell, GA","486","Horn Concerto No. 4 in E flat K495: II. Romance (Andante cantabile)","29"
"Black Moth Super Rainbow","Tegan","F","4","Levine","221.28281","paid","Portland-South Portland, ME","545","Early 70's Gymnastics","80"
"Old 97's","Jacqueline","F","42","Lynch","231.28771","paid","Atlanta-Sandy Springs-Roswell, GA","486","Victoria (LP Version)","29"
"The Dangerous Summer","Jacqueline","F","43","Lynch","218.33098","paid","Atlanta-Sandy Springs-Roswell, GA","486","Wake Up","29"
"Randy Travis","Jacqueline","F","45","Lynch","237.03465","paid","Atlanta-Sandy Springs-Roswell, GA","486","Hard Rock Bottom Of Your Heart (Single Remix Remastered Version)","29"
"M.I.A.","Jacqueline","F","46","Lynch","206.13179","paid","Atlanta-Sandy Springs-Roswell, GA","486","Paper Planes","29"
"The Strokes","Jacqueline","F","47","Lynch","197.53751","paid","Atlanta-Sandy Springs-Roswell, GA","486","Last Nite","29"
"Justice","Jacqueline","F","48","Lynch","295.94077","paid","Atlanta-Sandy Springs-Roswell, GA","486","Let There Be Light (album version)","29"
"The Killers","Jordan","F","1","Hicks","220.89098","free","Salinas, CA","547","When You Were Young","37"
"Method Man / Busta Rhymes","Kevin","M","0","Arellano","232.22812","free","Harrisburg-Carlisle, PA","541","What's Happenin'","66"
"Guns N' Roses","Jacqueline","F","50","Lynch","455.52281","paid","Atlanta-Sandy Springs-Roswell, GA","486","Sympathy For The Devil","29"
"Lily Allen","Jordan","F","2","Hicks","194.76853","free","Salinas, CA","547","Smile","37"
"MGMT","Kevin","M","1","Arellano","264.17587","free","Harrisburg-Carlisle, PA","541","Time To Pretend","66"
"The Unicorns","Jordan","F","3","Hicks","222.74567","free","Salinas, CA","547","Sea Ghost","37"
"Widespread Panic","Jacqueline","F","51","Lynch","400.79628","paid","Atlanta-Sandy Springs-Roswell, GA","486","Papa's Home","29"
"Testament","Jacqueline","F","52","Lynch","253.64853","paid","Atlanta-Sandy Springs-Roswell, GA","486","Afterlife","29"
"Gogol Bordello","Jacqueline","F","53","Lynch","375.45751","paid","Atlanta-Sandy Springs-Roswell, GA","486","Dub The Frequencies Of Love","29"
"BT Express","Kate","F","1","Harrell","352.88771","paid","Lansing-East Lansing, MI","537","Do It ('Til You're Satisfied)","97"
"Tal Bachman","Jacqueline","F","54","Lynch","224.70485","paid","Atlanta-Sandy Springs-Roswell, GA","486","She's So High","29"
"Jacky Terrasson","Kate","F","2","Harrell","342.7522","paid","Lansing-East Lansing, MI","537","Le Jardin d'Hiver","97"
"Gorillaz","Jacqueline","F","55","Lynch","199.05261","paid","Atlanta-Sandy Springs-Roswell, GA","486","Fire Coming Out Of The Monkey's Head","29"
"Paul Oakenfold","Wyatt","M","1","Scott","254.14485","free","Eureka-Arcata-Fortuna, CA","527","Ready_ Steady_ Go (Album Version)","9"
"New Found Glory","Jacqueline","F","56","Lynch","169.87383","paid","Atlanta-Sandy Springs-Roswell, GA","486","Better Off Dead","29"
"The Ordinary Boys","Kate","F","3","Harrell","162.87302","paid","Lansing-East Lansing, MI","537","Boys Will Be Boys","97"
"Train","Wyatt","M","2","Scott","216.76363","free","Eureka-Arcata-Fortuna, CA","527","Hey_ Soul Sister","9"
"The Undertones","Kate","F","4","Harrell","156.36853","paid","Lansing-East Lansing, MI","537","My Perfect Cousin","97"
"Queens Of The Stone Age","Jacqueline","F","57","Lynch","364.90404","paid","Atlanta-Sandy Springs-Roswell, GA","486","God Is On The Radio","29"
"Elliott Smith","Jordan","F","0","Hicks","141.42649","free","Salinas, CA","550","Between The Bars","37"
"The White Stripes","Kate","F","5","Harrell","232.61995","paid","Lansing-East Lansing, MI","537","Seven Nation Army","97"
"Thursday","Jacqueline","F","58","Lynch","250.17424","paid","Atlanta-Sandy Springs-Roswell, GA","486","Signals Over The Air","29"
"Weezer","Kate","F","7","Harrell","167.3922","paid","Lansing-East Lansing, MI","537","Susanne","97"
"Baby Bash / Russell Lee","Kate","F","8","Harrell","269.00853","paid","Lansing-East Lansing, MI","537","Sexy Eyes","97"
"Dwight Yoakam","Jacqueline","F","59","Lynch","239.3073","paid","Atlanta-Sandy Springs-Roswell, GA","486","You're The One","29"
"Lara","Kate","F","9","Harrell","205.58322","paid","Lansing-East Lansing, MI","537","La Otra Princesa","97"
"Kings Of Leon","Jacqueline","F","60","Lynch","189.1522","paid","Atlanta-Sandy Springs-Roswell, GA","486","McFearless","29"
"ManÃÂ¡","Kate","F","10","Harrell","252.86485","paid","Lansing-East Lansing, MI","537","Rayando el sol","97"
"Markus KrunegÃÂ¥rd","Jacqueline","F","61","Lynch","185.5473","paid","Atlanta-Sandy Springs-Roswell, GA","486","Genom tunna tyger","29"
"Local Natives","Jacqueline","F","62","Lynch","240.8224","paid","Atlanta-Sandy Springs-Roswell, GA","486","Cards & Quarters","29"
"La Roux","Kate","F","11","Harrell","205.60934","paid","Lansing-East Lansing, MI","537","Bulletproof","97"
"Philipp Poisel","Jacqueline","F","63","Lynch","258.66404","paid","Atlanta-Sandy Springs-Roswell, GA","486","Seerosenteich","29"
"Jedi Mind Tricks","Kate","F","12","Harrell","244.32281","paid","Lansing-East Lansing, MI","537","Ripped To Shreds (feat. Vinnie Paz_ Celph Titled & Demoz)","97"
"Nightcrawlers","Jacqueline","F","64","Lynch","264.14975","paid","Atlanta-Sandy Springs-Roswell, GA","486","Push The Feeling On","29"
"Tapes n Tapes","Kate","F","13","Harrell","191.63383","paid","Lansing-East Lansing, MI","537","Say Back Something","97"
"Paramore","Kate","F","14","Harrell","230.45179","paid","Lansing-East Lansing, MI","537","Careful (Album Version)","97"
"Eric Church","Jacqueline","F","65","Lynch","190.64118","paid","Atlanta-Sandy Springs-Roswell, GA","486","Guys Like Me","29"
"Josh Groban","Kate","F","15","Harrell","244.45342","paid","Lansing-East Lansing, MI","537","Petit Papa Noel (Album Version)","97"
"Billy Currington","Kate","F","16","Harrell","215.82322","paid","Lansing-East Lansing, MI","537","Good Directions","97"
"Mayer Hawthorne","Kate","F","17","Harrell","179.25179","paid","Lansing-East Lansing, MI","537","Shiny & New","97"
"Scandinavian Music Group","Chloe","F","0","Cuevas","544.88771","free","San Francisco-Oakland-Hayward, CA","542","Kun Puut Tekee SeittiÃÂ¤","49"
"Macaco","Lily","F","0","Burns","284.52526","free","New York-Newark-Jersey City, NY-NJ-PA","546","Mama Tierra","32"
"Gorillaz","Kate","F","18","Harrell","230.68689","paid","Lansing-East Lansing, MI","537","M1 A1","97"
"Binary Star","Kate","F","19","Harrell","157.72689","paid","Lansing-East Lansing, MI","537","Slang Blade","97"
"The Mars Volta","Kate","F","20","Harrell","344.92036","paid","Lansing-East Lansing, MI","537","Aberinkula","97"
"MGMT","Jacqueline","F","67","Lynch","264.17587","paid","Atlanta-Sandy Springs-Roswell, GA","486","Time To Pretend","29"
"Children Of Bodom","Jacqueline","F","68","Lynch","204.69506","paid","Atlanta-Sandy Springs-Roswell, GA","486","Don't Stop At The Top","29"
"K's Choice","Kate","F","21","Harrell","288.57424","paid","Lansing-East Lansing, MI","537","Not An Addict","97"
"The Human League","Jacqueline","F","69","Lynch","265.35138","paid","Atlanta-Sandy Springs-Roswell, GA","486","Human","29"
"Elvis Presley","Kate","F","22","Harrell","273.76281","paid","Lansing-East Lansing, MI","537","Suspicious Minds","97"
"Sleater-kinney","Jacqueline","F","70","Lynch","190.45832","paid","Atlanta-Sandy Springs-Roswell, GA","486","Good Things","29"
"Bat For Lashes","Kate","F","23","Harrell","187.71546","paid","Lansing-East Lansing, MI","537","Moon And Moon","97"
"Adam Lambert","Jacqueline","F","71","Lynch","228.23138","paid","Atlanta-Sandy Springs-Roswell, GA","486","If I Had You","29"
"Base Ball Bear","Kate","F","24","Harrell","255.60771","paid","Lansing-East Lansing, MI","537","Sayonara-Nostalgia","97"
"Yeah Yeah Yeahs","Jacqueline","F","72","Lynch","314.46159","paid","Atlanta-Sandy Springs-Roswell, GA","486","No No No","29"
"Nevermore","Kate","F","25","Harrell","326.53016","paid","Lansing-East Lansing, MI","537","Passenger","97"
"Jake Hess","Jacqueline","F","73","Lynch","199.26159","paid","Atlanta-Sandy Springs-Roswell, GA","486","You And Me Jesus","29"
"Stacie Orrico","Kate","F","26","Harrell","238.78485","paid","Lansing-East Lansing, MI","537","So Pray (Genuine Album Version)","97"
"Devo","Kate","F","27","Harrell","173.81832","paid","Lansing-East Lansing, MI","537","Girl U Want (Live)","97"
"Chet Baker","Kate","F","28","Harrell","378.74893","paid","Lansing-East Lansing, MI","537","Blame It on My Youth (From ""Let's Get Lost"")","97"
"Guns N' Roses","Kate","F","29","Harrell","459.20608","paid","Lansing-East Lansing, MI","537","Sympathy For The Devil","97"
"Dwight Yoakam","Kate","F","30","Harrell","239.3073","paid","Lansing-East Lansing, MI","537","You're The One","97"
"Spinners","Kate","F","31","Harrell","444.13342","paid","Lansing-East Lansing, MI","537","Rubberband Man","97"
"Diam's","Kate","F","33","Harrell","284.9171","paid","Lansing-East Lansing, MI","537","Suzy 2003 (Live)","97"
"Prohom","Lily","F","0","Koch","246.38649","paid","Chicago-Naperville-Elgin, IL-IN-WI","417","Mise En Bouche","15"
"Nicholas Hooper","Kate","F","34","Harrell","104.98567","paid","Lansing-East Lansing, MI","537","Ron's Victory (""Harry Potter & The Half-Blood Prince"")","97"
"Drake / Lil Wayne / Young Jeezy","Lily","F","1","Koch","225.2273","paid","Chicago-Naperville-Elgin, IL-IN-WI","417","I'm Goin In","15"
"Traffic","Kate","F","35","Harrell","195.39546","paid","Lansing-East Lansing, MI","537","Something New","97"
"Straight No Chaser","Kate","F","36","Harrell","214.88281","paid","Lansing-East Lansing, MI","537","I'm Yours / Somewhere Over The Rainbow (EP Version)","97"
"Leonard Cohen","Kate","F","37","Harrell","340.53179","paid","Lansing-East Lansing, MI","537","So Long_ Marianne","97"
"The Strokes","Kate","F","38","Harrell","208.06485","paid","Lansing-East Lansing, MI","537","The Modern Age","97"
"Brad Mehldau","Kate","F","39","Harrell","651.78077","paid","Lansing-East Lansing, MI","537","Moon River (Live) (Album Version)","97"
"Selena","Kate","F","40","Harrell","329.58649","paid","Lansing-East Lansing, MI","537","Como La Flor (2005 Re-mastering) (Live)","97"
"Nirvana","Kate","F","41","Harrell","219.08853","paid","Lansing-East Lansing, MI","537","Come As You Are","97"
"Her Bright Skies","Kate","F","42","Harrell","203.54567","paid","Lansing-East Lansing, MI","537","Heartbreaker","97"
"Aerosmith","Kate","F","43","Harrell","235.36281","paid","Lansing-East Lansing, MI","537","Pink","97"
"Stephen Marley","Kate","F","44","Harrell","255.05914","paid","Lansing-East Lansing, MI","537","Chase Dem","97"
"Eric Church","Jacqueline","F","1","Lynch","171.72853","paid","Atlanta-Sandy Springs-Roswell, GA","556","My Heart's Got A Memory","29"
"David Morales W/ Tamra Keenan","Kate","F","45","Harrell","347.27138","paid","Lansing-East Lansing, MI","537","Here I Am (Album Version)","97"
"Shaggy","Jacqueline","F","2","Lynch","246.88281","paid","Atlanta-Sandy Springs-Roswell, GA","556","Boombastic","29"
"Jacky Terrasson","Jacqueline","F","3","Lynch","342.7522","paid","Atlanta-Sandy Springs-Roswell, GA","556","Le Jardin d'Hiver","29"
"Raymond Van Het Groenewoud","Kate","F","46","Harrell","163.65669","paid","Lansing-East Lansing, MI","537","Het Nummer Van God","97"
"Rammstein","Kate","F","47","Harrell","235.59791","paid","Lansing-East Lansing, MI","537","TE QUIERO PUTA!","97"
"Wykked Wytch","Jacqueline","F","4","Lynch","224.31302","paid","Atlanta-Sandy Springs-Roswell, GA","556","Ripping Flesh","29"
"Cartola","Kate","F","48","Harrell","127.242","paid","Lansing-East Lansing, MI","537","Tive Sim","97"
"Jack Johnson","Kate","F","49","Harrell","228.8322","paid","Lansing-East Lansing, MI","537","Fortunate Fool","97"
"Tom Waits","Jacqueline","F","5","Lynch","197.85098","paid","Atlanta-Sandy Springs-Roswell, GA","556","Whistlin' Past The Graveyard","29"
"Colbie Caillat","Jacqueline","F","6","Lynch","196.17914","paid","Atlanta-Sandy Springs-Roswell, GA","556","Bubbly","29"
"Coldplay","Kate","F","50","Harrell","268.38159","paid","Lansing-East Lansing, MI","537","Yellow","97"
"Does It Offend You_ Yeah?","Jacqueline","F","7","Lynch","220.57751","paid","Atlanta-Sandy Springs-Roswell, GA","556","Doomed Now","29"
"OneRepublic","Sara","F","1","Johnson","224.67873","paid","Winston-Salem, NC","411","Secrets","95"
"The Crests","Kate","F","51","Harrell","182.88281","paid","Lansing-East Lansing, MI","537","16 Candles","97"
"Mutemath","Jacqueline","F","8","Lynch","200.51546","paid","Atlanta-Sandy Springs-Roswell, GA","556","Spotlight","29"
"Muse","Sara","F","2","Johnson","304.84853","paid","Winston-Salem, NC","411","Uprising","95"
"Owl City","Kate","F","52","Harrell","231.67955","paid","Lansing-East Lansing, MI","537","Vanilla Twilight","97"
"Parachute","Jacqueline","F","9","Lynch","253.49179","paid","Atlanta-Sandy Springs-Roswell, GA","556","The New Year","29"
"Billy Bob Thornton and The Peasall Sisters","Kate","F","53","Harrell","164.80608","paid","Lansing-East Lansing, MI","537","Road to Kaintuck","97"
"Newton Faulkner","Sara","F","3","Johnson","236.66893","paid","Winston-Salem, NC","411","Dream Catch Me","95"
"Funkadelic","Kate","F","54","Harrell","626.07628","paid","Lansing-East Lansing, MI","537","Uncle Jam","97"
"Scorpions","Jacqueline","F","10","Lynch","157.04771","paid","Atlanta-Sandy Springs-Roswell, GA","556","When The Smoke Is Going Down","29"
"OneRepublic","Sara","F","4","Johnson","224.67873","paid","Winston-Salem, NC","411","Secrets","95"
"Krisiun","Jacqueline","F","11","Lynch","167.91465","paid","Atlanta-Sandy Springs-Roswell, GA","556","In League With Satan","29"
"Edward Sharpe & The Magnetic Zeros","Jacqueline","F","12","Lynch","306.31138","paid","Atlanta-Sandy Springs-Roswell, GA","556","Home","29"
"Tiger Lou","Sara","F","5","Johnson","208.45669","paid","Winston-Salem, NC","411","Sam_ As In Samantha","95"
"Aerosmith","Sara","F","6","Johnson","319.73832","paid","Winston-Salem, NC","411","Crazy","95"
"Zac Brown Band","Kate","F","55","Harrell","197.53751","paid","Lansing-East Lansing, MI","537","Different Kind Of Fine (Album)","97"
"Slightly Stoopid","Jacqueline","F","13","Lynch","204.59057","paid","Atlanta-Sandy Springs-Roswell, GA","556","Bandelero","29"
"Jack Johnson","Kate","F","56","Harrell","173.42649","paid","Lansing-East Lansing, MI","537","Wrong Turn","97"
"Creedence Clearwater Revival","Jacqueline","F","14","Lynch","141.60934","paid","Atlanta-Sandy Springs-Roswell, GA","556","Bad Moon Rising","29"
"Erin Bode","Sara","F","7","Johnson","252.05506","paid","Winston-Salem, NC","411","Here_ There And Everywhere","95"
"Limi-T 21","Jacqueline","F","15","Lynch","210.70322","paid","Atlanta-Sandy Springs-Roswell, GA","556","Estoy Enamorado De Ella (Salsa)","29"
"Static-X","Kate","F","57","Harrell","266.47465","paid","Lansing-East Lansing, MI","537","The Trance Is The Motion [Live]","97"
"Cage The Elephant","Sara","F","8","Johnson","175.12444","paid","Winston-Salem, NC","411","Ain't No Rest For The Wicked (Original Version)","95"
"Kollaa KestÃÂ¤ÃÂ¤","Jacqueline","F","16","Lynch","101.19791","paid","Atlanta-Sandy Springs-Roswell, GA","556","Musti Sotakoira (2007 Digital Remaster)","29"
"Jacky Terrasson","Jacqueline","F","17","Lynch","342.7522","paid","Atlanta-Sandy Springs-Roswell, GA","556","Le Jardin d'Hiver","29"
"Arthur Conley","Sara","F","9","Johnson","140.69506","paid","Winston-Salem, NC","411","Sweet Soul Music (Single/LP Version)","95"
"Five Finger Death Punch","Sara","F","10","Johnson","200.17587","paid","Winston-Salem, NC","411","Stranger than Fiction","95"
"Yann Tiersen","Jacqueline","F","18","Lynch","267.78077","paid","Atlanta-Sandy Springs-Roswell, GA","556","Le Moulin","29"
"Vampire Weekend","Sara","F","11","Johnson","159.81669","paid","Winston-Salem, NC","411","I Stand Corrected (Album)","95"
"BjÃÂ¶rk","Sara","F","12","Johnson","348.57751","paid","Winston-Salem, NC","411","Undo","95"
"Bananarama","Jacqueline","F","19","Lynch","219.0624","paid","Atlanta-Sandy Springs-Roswell, GA","556","Venus","29"
"Red Hot Chili Peppers","Jacqueline","F","20","Lynch","334.65424","paid","Atlanta-Sandy Springs-Roswell, GA","556","Snow [Hey Oh] (Album Version)","29"
"The Adverts","Sara","F","13","Johnson","122.09587","paid","Winston-Salem, NC","411","We Who Wait (Single)","95"
"She & Him","Sara","F","14","Johnson","162.66404","paid","Winston-Salem, NC","411","Sweet Darlin'","95"
"Florence + The Machine","Sara","F","15","Johnson","219.66322","paid","Winston-Salem, NC","411","Dog Days Are Over (Radio Edit)","95"
"The Police","Jacqueline","F","22","Lynch","265.79546","paid","Atlanta-Sandy Springs-Roswell, GA","556","The Bed's Too Big Without You","29"
"The Cinematic Orchestra feat. Lou Rhodes","Sara","F","16","Johnson","522.68363","paid","Winston-Salem, NC","411","Time and Space","95"
"Spacehog","Jacqueline","F","23","Lynch","299.49342","paid","Atlanta-Sandy Springs-Roswell, GA","556","In The Meantime (LP Version)","29"
"Owl City","Jacqueline","F","24","Lynch","231.67955","paid","Atlanta-Sandy Springs-Roswell, GA","556","Vanilla Twilight","29"
"Dead Kennedys","Sara","F","17","Johnson","160.78322","paid","Winston-Salem, NC","411","Too Drunk to Fuck","95"
"The Game","Jacqueline","F","25","Lynch","157.88363","paid","Atlanta-Sandy Springs-Roswell, GA","556","No More Fun And Games","29"
"Kid Cudi","Sara","F","18","Johnson","259.00363","paid","Winston-Salem, NC","411","Cudi Zone","95"
"M. Pokora","Jacqueline","F","26","Lynch","198.29506","paid","Atlanta-Sandy Springs-Roswell, GA","556","Danse Pour Moi","29"
"Kanye West","Jacqueline","F","27","Lynch","237.47873","paid","Atlanta-Sandy Springs-Roswell, GA","556","Flashing Lights","29"
"Five Iron Frenzy","Sara","F","19","Johnson","236.09424","paid","Winston-Salem, NC","411","Canada","95"
"Pearl Jam","Jacqueline","F","28","Lynch","67.44771","paid","Atlanta-Sandy Springs-Roswell, GA","556","Encore Break","29"
"Les MisÃÂ©rables - 10th Anniversary Concert","Sara","F","20","Johnson","128.05179","paid","Winston-Salem, NC","411","Lovely Ladies","95"
"Wayne Newton","Jacqueline","F","30","Lynch","154.74893","paid","Atlanta-Sandy Springs-Roswell, GA","556","Danke Schoen","29"
"Rage Against The Machine","Sara","F","22","Johnson","319.50322","paid","Winston-Salem, NC","411","Bulls On Parade","95"
"Yeasayer","Jacqueline","F","31","Lynch","299.38893","paid","Atlanta-Sandy Springs-Roswell, GA","556","Love Me Girl","29"
"Alceu ValenÃÂ§a","Sara","F","23","Johnson","162.58567","paid","Winston-Salem, NC","411","Recado Falado (MetrÃÂ´ Da Saudade)","95"
"Plain White T's","Jacqueline","F","32","Lynch","232.202","paid","Atlanta-Sandy Springs-Roswell, GA","556","Hey There Delilah","29"
"Maxwell","Sara","F","24","Johnson","255.242","paid","Winston-Salem, NC","411","Pretty Wings","95"
"Death Cab for Cutie","Jacqueline","F","33","Lynch","136.12363","paid","Atlanta-Sandy Springs-Roswell, GA","556","The Sound of Settling (Album Version)","29"
"Smile Empty Soul","Sara","F","25","Johnson","218.61832","paid","Winston-Salem, NC","411","Bottom of a Bottle (Explicit Album Version)","95"
"Usher","Jacqueline","F","34","Lynch","252.96934","paid","Atlanta-Sandy Springs-Roswell, GA","556","You'll Be In My Heart","29"
"Corona","Sara","F","26","Johnson","264.202","paid","Winston-Salem, NC","411","The Rhythm Of The Night","95"
"Daisuke Miyatani","Jacqueline","F","35","Lynch","231.23546","paid","Atlanta-Sandy Springs-Roswell, GA","556","Summer Child","29"
"Eddie Vedder","Sara","F","27","Johnson","199.23546","paid","Winston-Salem, NC","411","End Of The Road","95"
"FM Static","Jacqueline","F","36","Lynch","182.41261","paid","Atlanta-Sandy Springs-Roswell, GA","556","Boy Meets Girl (And Vice Versa)","29"
"Young Money featuring Lloyd","Kaleb","M","0","Cook","196.33587","free","Yuba City, CA","364","BedRock (Radio Edit) (feat.Lloyd)","54"
"Jukebox The Ghost","Sara","F","28","Johnson","254.30159","paid","Winston-Salem, NC","411","Good Day","95"
"Johnny Bristol","Kaleb","M","1","Cook","198.1122","free","Yuba City, CA","364","Hang On In There Baby","54"
"Tegan And Sara","Sara","F","29","Johnson","141.50485","paid","Winston-Salem, NC","411","Call It Off (Album Version)","95"
"Dead Poetic","Sara","F","30","Johnson","246.38649","paid","Winston-Salem, NC","411","Dimmer Light","95"
"Howard Jones","Sara","F","31","Johnson","274.31138","paid","Winston-Salem, NC","411","Dig This Well Deep","95"
"Mohsen Namjoo","Sara","F","32","Johnson","395.15383","paid","Winston-Salem, NC","411","Toranj","95"
"the bird and the bee","Sara","F","33","Johnson","246.59546","paid","Winston-Salem, NC","411","Love Letter To Japan","95"
"Esa Pakarinen","Sara","F","34","Johnson","141.66159","paid","Winston-Salem, NC","411","Hullu mies hullu","95"
"Linkin Park","Sara","F","35","Johnson","268.61669","paid","Winston-Salem, NC","411","New Divide (Album Version)","95"
"Lil Wayne / Bobby Valentino / Kidd Kidd","Jayden","F","1","Duffy","286.95465","free","Seattle-Tacoma-Bellevue, WA","509","Mrs. Officer","76"
"The Buggles","Sara","F","36","Johnson","198.08608","paid","Winston-Salem, NC","411","Video Killed The Radio Star","95"
"Roberto Torres","Jayden","F","2","Duffy","237.84444","free","Seattle-Tacoma-Bellevue, WA","509","La Muy_ Muy","76"
"Frumpies","Sara","F","37","Johnson","134.47791","paid","Winston-Salem, NC","411","Fuck Kitty","95"
"Francisca Valenzuela","Sara","F","39","Johnson","212.84526","paid","Winston-Salem, NC","411","Afortunada","95"
"The Killers","Jayden","F","3","Duffy","218.85342","free","Seattle-Tacoma-Bellevue, WA","509","This Is Your Life","76"
"Lil Wayne / Eminem","Sara","F","40","Johnson","229.58975","paid","Winston-Salem, NC","411","Drop The World","95"
"The All-American Rejects","Jayden","F","4","Duffy","238.86322","free","Seattle-Tacoma-Bellevue, WA","509","Move Along","76"
"City And Colour","Sara","F","41","Johnson","228.54485","paid","Winston-Salem, NC","411","Confessions","95"
"Of Montreal","Martin","M","0","Johnson","271.38567","free","Minneapolis-St. Paul-Bloomington, MN-WI","415","Faberge Falls For Shuggie","55"
"Ilan Eshkeri / London Metropolitan Orchestra / Andy Brown","Sara","F","42","Johnson","201.61261","paid","Winston-Salem, NC","411","The Star Shines","95"
"Sniff 'n' The Tears","Sara","F","43","Johnson","220.89098","paid","Winston-Salem, NC","411","Driver's Seat","95"
"OneRepublic","Martin","M","1","Johnson","230.63465","free","Minneapolis-St. Paul-Bloomington, MN-WI","415","Say (All I Need)","55"
"Jack Johnson","Sara","F","44","Johnson","212.68853","paid","Winston-Salem, NC","411","Breakdown","95"
"Collie Buddz","Martin","M","2","Johnson","224.91383","free","Minneapolis-St. Paul-Bloomington, MN-WI","415","..Come Around","55"
"The All-American Rejects","Sara","F","45","Johnson","194.55955","paid","Winston-Salem, NC","411","Dirty Little Secret","95"
"Salvador","Martin","M","3","Johnson","250.67057","free","Minneapolis-St. Paul-Bloomington, MN-WI","415","Find The Reason (Album Version)","55"
"The Dresden Dolls","Sara","F","46","Johnson","286.40608","paid","Winston-Salem, NC","411","Coin-Operated Boy","95"
"The Verve","Martin","M","5","Johnson","360.25424","free","Minneapolis-St. Paul-Bloomington, MN-WI","415","Bitter Sweet Symphony","55"
"The fFormula","Sara","F","47","Johnson","239.96036","paid","Winston-Salem, NC","411","Cold Blooded (Acid Cleanse)","95"
"Brad Paisley","Sara","F","48","Johnson","256.10404","paid","Winston-Salem, NC","411","Then","95"
"Sick Of It All","Sara","F","49","Johnson","52.32281","paid","Winston-Salem, NC","411","Clobberin' Time","95"
"The Killers","Sara","F","50","Johnson","206.10567","paid","Winston-Salem, NC","411","Why Don't You Find Out For Yourself","95"
"Edward Sharpe & The Magnetic Zeros","Sara","F","52","Johnson","306.31138","paid","Winston-Salem, NC","411","Home","95"
"Leona Lewis","Sara","F","53","Johnson","203.88526","paid","Winston-Salem, NC","411","Forgive Me","95"
"Cream","Sara","F","55","Johnson","166.71302","paid","Winston-Salem, NC","411","Tales Of Brave Ulysses","95"
"BeyoncÃÂ©","Sara","F","56","Johnson","261.74649","paid","Winston-Salem, NC","411","Halo","95"
"Matthew Jay","Sara","F","57","Johnson","220.62975","paid","Winston-Salem, NC","411","Become Yourself","95"
"Reel Big Fish","Sara","F","58","Johnson","64.67873","paid","Winston-Salem, NC","411","Another F.U. Song (Album)","95"
"Talib Kweli","Sara","F","59","Johnson","187.74159","paid","Winston-Salem, NC","411","Eat To Live (Amended Version)","95"
"PJ Harvey","Sara","F","60","Johnson","64.88771","paid","Winston-Salem, NC","411","No Child Of Mine","95"
"Wet Wet Wet","Sara","F","61","Johnson","219.81995","paid","Winston-Salem, NC","411","Goodnight Girl","95"
"Lifehouse","Sara","F","62","Johnson","236.25098","paid","Winston-Salem, NC","411","All In","95"
"Bram Vermeulen","Sara","F","63","Johnson","251.42812","paid","Winston-Salem, NC","411","Mamma","95"
"BjÃÂ¶rk","Sara","F","64","Johnson","348.57751","paid","Winston-Salem, NC","411","Undo","95"
"Cat Stevens","Sara","F","65","Johnson","231.60118","paid","Winston-Salem, NC","411","Where Do The Children Play?","95"
"El Coyote Y Su Banda Tierra Santa","Sara","F","66","Johnson","190.51057","paid","Winston-Salem, NC","411","Me Voy A Ir","95"
"22-20s","Sara","F","67","Johnson","237.16526","paid","Winston-Salem, NC","411","Such A Fool","95"
"Telepopmusik","Sara","F","68","Johnson","332.95628","paid","Winston-Salem, NC","411","Love Can Damage Your Health","95"
"Arthur & Yu","Sara","F","69","Johnson","162.61179","paid","Winston-Salem, NC","411","The Ghost Of Old Bull Lee","95"
"Five Iron Frenzy","Sara","F","70","Johnson","236.09424","paid","Winston-Salem, NC","411","Canada","95"
"The Notorious B.I.G.","Sara","F","71","Johnson","204.66893","paid","Winston-Salem, NC","411","Ten Commandments (Amended Version)","95"
